{"type": "FeatureCollection", "name": "Regione_Toscana_Confine_WGS84", "crs": {"type": "name", "properties": {"name": "urn:ogc:def:crs:OGC:1.3:CRS84"}}, "source": "ISTAT - Basi Territoriali / OpenPolis (EPSG:4326)", "features": [{"type": "Feature", "geometry": {"type": "MultiPolygon", "coordinates": [[[[9.89785886995794, 44.16359257925189], [9.894509125232837, 44.16557047636095], [9.894160635018022, 44.16577822224974], [9.893878318903328, 44.16594725044643], [9.893471218517913, 44.16619108124144], [9.893258871519075, 44.166318296195534], [9.89295305729716, 44.166501533739066], [9.892916790563886, 44.16656626852252], [9.892627245901345, 44.167083094673565], [9.892603921414809, 44.16716381605923], [9.892493707963439, 44.16755984344238], [9.892386027641374, 44.16794677296744], [9.892365187459818, 44.168021659712046], [9.900283714864898, 44.17408086125903], [9.907107697157207, 44.179152312881676], [9.918026525864123, 44.18671624975232], [9.92047776550421, 44.18875485936993], [9.921582045044627, 44.189762181084895], [9.921589269619478, 44.1902257826721], [9.921115164495482, 44.19086657665733], [9.921345063834067, 44.19272217502919], [9.922390470863583, 44.1950635463953], [9.934010411198948, 44.196622130371104], [9.92854002196094, 44.19854389462743], [9.91816600133532, 44.19962844877355], [9.918103254928228, 44.19960704661241], [9.917677191558655, 44.19946172269767], [9.917536932714158, 44.199413882099286], [9.917232830278463, 44.199310210392824], [9.916283468367245, 44.19928520113355], [9.916199606570485, 44.1992830008777], [9.915655215611151, 44.199268722177194], [9.915448184568367, 44.199328902058035], [9.915267599519174, 44.19938141235167], [9.914508408690079, 44.19960237572321], [9.911168870046739, 44.20218118871308], [9.909482844433908, 44.20432831861546], [9.908182416442875, 44.207980350163524], [9.908070453044612, 44.2088367021779], [9.908508553335194, 44.20977386730125], [9.891210172311258, 44.207812727801965], [9.89139264201512, 44.205381152865435], [9.88400102425213, 44.20188935068134], [9.880484116224832, 44.200054049754726], [9.873328994162815, 44.19518872473176], [9.87329014945405, 44.19515235719253], [9.872828182483731, 44.19464778412026], [9.872415007139576, 44.19320144141844], [9.871794645106672, 44.19059077593845], [9.87168027617469, 44.19010387277144], [9.871594769055122, 44.189736969578355], [9.867248190216632, 44.18372286242999], [9.864956845396163, 44.18070787413676], [9.862587872276006, 44.18454819753111], [9.859833987248521, 44.1900607549207], [9.85755040667854, 44.19350756537493], [9.85962164510373, 44.19567082826559], [9.864061526986974, 44.203090664180216], [9.867671734446326, 44.212296853166535], [9.870002064247013, 44.21748300998609], [9.872791773583304, 44.22096360084215], [9.875356615451444, 44.22394276093366], [9.873669516685235, 44.224954713182605], [9.872727249869529, 44.22540836300342], [9.87237739347624, 44.22557679551832], [9.868780115792719, 44.22706270561019], [9.867888945439088, 44.227391621569836], [9.867659341852187, 44.227476361983925], [9.867265174774758, 44.227611077260704], [9.866500730869177, 44.22787228902221], [9.865352221510875, 44.22794401726248], [9.864767136852116, 44.227961862769575], [9.864174230997063, 44.22797994361129], [9.863518315157467, 44.228184393231075], [9.863463785966438, 44.22820139007928], [9.862532848967943, 44.22875760994531], [9.861565911026194, 44.22942212933078], [9.860601312632282, 44.23024867803557], [9.858382795447872, 44.23251613059779], [9.858277139775662, 44.23263396497694], [9.857618823270725, 44.233368155250325], [9.857027375544224, 44.23402981687918], [9.856846503119245, 44.23460676512885], [9.856716205011661, 44.23502248509096], [9.856697428849719, 44.23538461841771], [9.856686870502214, 44.23558989645457], [9.857377926555555, 44.23623553367608], [9.857461242279717, 44.23631333256075], [9.858008195554973, 44.236735671186146], [9.85824645209985, 44.236919641507484], [9.858566204576833, 44.23713331227054], [9.858640835653754, 44.237183183100264], [9.858785717697916, 44.23727999732118], [9.858992541866671, 44.237418203709545], [9.859110813628769, 44.23757936924528], [9.859303745777567, 44.23784227261131], [9.859452075813929, 44.23804439635975], [9.859836784938059, 44.23863626422134], [9.859894997599008, 44.23892491386524], [9.860012286397247, 44.23950823769743], [9.860201722135127, 44.24207267503869], [9.860177575049343, 44.2488251225803], [9.860160017859611, 44.25242646806636], [9.856128846278203, 44.2582006723499], [9.854583264184386, 44.264622373281405], [9.854255451129191, 44.26724469648245], [9.85425001111798, 44.26732576200145], [9.854224346848042, 44.267709109726475], [9.854430116631237, 44.26805816152147], [9.852656940491675, 44.270205117910066], [9.851527000161019, 44.270861762399655], [9.849801502523617, 44.27111319171975], [9.84410909635938, 44.27183087436475], [9.836122240168239, 44.27648989078348], [9.836112007275288, 44.277480292609454], [9.835971586449805, 44.27823756980529], [9.835329730854175, 44.27887247403415], [9.828662901499323, 44.2805415698961], [9.823165027486823, 44.28164367423623], [9.821844011737829, 44.28127506155454], [9.8147841397766, 44.286214250643454], [9.814665588907081, 44.28607104859982], [9.814554447837208, 44.285936796622345], [9.814236588141895, 44.28560594074531], [9.813716571704532, 44.285105493624805], [9.813122534386824, 44.28472293370529], [9.812960854638328, 44.28466376418922], [9.812492438682998, 44.284493002636886], [9.806400913546463, 44.282760177491255], [9.78538008806073, 44.29577428482612], [9.783804434805687, 44.29681491446436], [9.782723620379107, 44.2975480942096], [9.780618691919193, 44.29864285267889], [9.777217396445291, 44.30023255953007], [9.775671143623049, 44.30073823233789], [9.774480308140477, 44.300746312817175], [9.77300454180414, 44.300748475961036], [9.769486524932114, 44.302211531228096], [9.766838755543162, 44.303821288381954], [9.764197231970662, 44.30577619372382], [9.763876032582267, 44.30950239538732], [9.761506763547166, 44.31413087513239], [9.75973474579338, 44.31673551652269], [9.759198317204724, 44.31739055562501], [9.75904511277984, 44.31757712628076], [9.759012927263779, 44.31761161182875], [9.75898577333731, 44.317640502788855], [9.75855350352561, 44.31809854189684], [9.758314290220238, 44.31835197618851], [9.753776673334935, 44.32223075632552], [9.753288317155993, 44.32259446004148], [9.753105861227253, 44.32273034144459], [9.743317126974743, 44.3267414876341], [9.74323813307888, 44.32676977494146], [9.74259855396851, 44.326998778698936], [9.742379417948413, 44.32707694180453], [9.733456315659016, 44.328431007071515], [9.729455177038464, 44.328330588695316], [9.726995375544089, 44.331272213746345], [9.725795400596626, 44.334466870249436], [9.722961216958963, 44.34064282047469], [9.718343724663754, 44.35063813826358], [9.715253248610722, 44.357318725035846], [9.7111492961982, 44.363575249745956], [9.710363951425862, 44.364012274031715], [9.70630125394109, 44.36618914929451], [9.705409393401304, 44.36612263747216], [9.701226446102543, 44.36574326662086], [9.69044396706034, 44.36520923988286], [9.68670044224306, 44.36593956090598], [9.687455144747851, 44.367123398597684], [9.688139174100245, 44.36783050162118], [9.688860766289269, 44.36837532331936], [9.689038220727362, 44.36850930383038], [9.689242179072918, 44.36864356797597], [9.689512525358122, 44.36882153266886], [9.689874601044572, 44.36905987801897], [9.689986852711096, 44.369133769285156], [9.695439596135886, 44.371801556147055], [9.707557000364625, 44.37861984746241], [9.716899232093878, 44.383174487705], [9.718286880437729, 44.38321183292188], [9.718914408278101, 44.38319872803596], [9.722840426930771, 44.38264188965265], [9.72330042935568, 44.3825666519772], [9.724443680433556, 44.382379652164076], [9.725431432970263, 44.38218432323183], [9.725564776310346, 44.382102443961784], [9.725803648137129, 44.38195576372738], [9.726305498837537, 44.38164759535587], [9.726426595071755, 44.38157323383797], [9.726616596288276, 44.38145655962603], [9.72705505755202, 44.38119750761515], [9.727725735226562, 44.380801297464515], [9.728296757865552, 44.38053619232108], [9.728846449627738, 44.380280985865106], [9.729121698735378, 44.38015319405784], [9.73075936651016, 44.379638568065346], [9.731458738563283, 44.37950000685209], [9.732073182545285, 44.379378523134854], [9.732676601891743, 44.379430328780124], [9.733329160374923, 44.379487074344155], [9.74052400096916, 44.38056598664231], [9.74417112981016, 44.38227082376622], [9.744763782861416, 44.389496199178886], [9.757396312008423, 44.390207651244346], [9.76047515792352, 44.390049897784124], [9.756729969050857, 44.391659263581246], [9.755833660661915, 44.39217630943548], [9.755309172236023, 44.39247891742277], [9.755051425437275, 44.39293977067918], [9.75361371755574, 44.39694018544987], [9.753348727854092, 44.39767747560418], [9.752812989685394, 44.40047188124571], [9.752877474598648, 44.40083155972796], [9.752882312546943, 44.400858543613886], [9.755522911063586, 44.404865344429524], [9.757382021269311, 44.407157743133574], [9.758059607174697, 44.40712173801181], [9.761320345982675, 44.40776625690752], [9.762547263750838, 44.408012397193716], [9.763057633776741, 44.40811478199659], [9.772784771210414, 44.41681472488724], [9.774731335762313, 44.41869096277037], [9.776526620214472, 44.420430499024704], [9.781162302857624, 44.42494008718182], [9.78315215669695, 44.42733919292633], [9.784327012794934, 44.42876256953129], [9.78506485352051, 44.42973627974422], [9.78532460282384, 44.4300791153482], [9.785990584589303, 44.43112704282732], [9.786092676604687, 44.43128773987602], [9.786235863017257, 44.43151328386776], [9.78727566961709, 44.4331896372224], [9.789652345833202, 44.43613513362647], [9.79007630983845, 44.43654273746843], [9.790479801592458, 44.43693065182975], [9.796778612764703, 44.44199142493202], [9.797864288971972, 44.44284786713627], [9.798239036789512, 44.44314257658751], [9.799952079795666, 44.44435496697148], [9.807129417845141, 44.449093909170664], [9.81086585367603, 44.45098342616568], [9.811250474504511, 44.45099128932693], [9.814182087285213, 44.45124951459158], [9.8146413243479, 44.451341279538454], [9.81553065315506, 44.4515189801408], [9.816535255643611, 44.45196362740857], [9.816731670691325, 44.452050560950546], [9.816812346390241, 44.452428099665866], [9.816961505992465, 44.45321026337757], [9.817166840193735, 44.454415158771006], [9.81719675038514, 44.45563031071803], [9.816930524627047, 44.45665851563865], [9.816912934139998, 44.456726450307634], [9.816862789747306, 44.45692008398342], [9.81681197280575, 44.45710949834216], [9.816690972118241, 44.457560499299404], [9.816480424198888, 44.45834523992301], [9.816305034769583, 44.45891366242125], [9.816179752158709, 44.459319685784244], [9.816040040783705, 44.46026741650436], [9.815984511086867, 44.460644473522734], [9.815849994060036, 44.46178877887175], [9.816069946887877, 44.462237341869134], [9.819670132942507, 44.46610100745297], [9.82177019083441, 44.4667594268589], [9.82555416445147, 44.46764345939098], [9.82807369990292, 44.46800816782886], [9.832474047939881, 44.46862804099473], [9.834738592605682, 44.46876440707891], [9.85514140725955, 44.47060776037689], [9.866453911318574, 44.47042044449514], [9.874612884106448, 44.46954019197097], [9.885932360470118, 44.46983133989131], [9.892644128325228, 44.47022148299765], [9.893806252106025, 44.47058158853066], [9.899960768671445, 44.472698439166685], [9.901462119720572, 44.47132719128229], [9.903345195132498, 44.470394054455745], [9.90550574900563, 44.469324915931075], [9.90880028318627, 44.468028091379956], [9.909226790945596, 44.4679617837425], [9.913583653910091, 44.46932581340909], [9.918196727891926, 44.470788769913256], [9.933099152693867, 44.47111111097801], [9.949214302633584, 44.46891470481781], [9.953651155843843, 44.46844575171914], [9.959907867234799, 44.46707880240878], [9.97013711895168, 44.46459765348479], [9.970712552532666, 44.464440015318246], [9.970819969382472, 44.464218858136455], [9.971002717302543, 44.463842560622474], [9.971051100656345, 44.46372931509576], [9.971256802183696, 44.463246684957014], [9.96958530137339, 44.458165366429554], [9.97144925822916, 44.452189748495464], [9.971752808759504, 44.45173635073933], [9.971976639621797, 44.4514020233327], [9.972198087769705, 44.4512110425335], [9.972904411527995, 44.450601891798726], [9.976036777032196, 44.44820672085278], [9.977448935583674, 44.44729509921785], [9.981068435228584, 44.44512246910038], [9.987974118002285, 44.445145318940675], [9.991128476223823, 44.44550075588046], [9.993648497895032, 44.445889788779546], [9.994169655180206, 44.446214490290814], [9.99424784177633, 44.446249819864384], [9.994916460811256, 44.44655193625652], [9.995068831310137, 44.44662078362796], [9.995692970443129, 44.44684090309763], [9.996040376641588, 44.44696342111089], [9.99617958104165, 44.44692756072043], [9.996329738901554, 44.44688887766524], [9.99665471477152, 44.44667897569027], [9.996937286641637, 44.44649646026539], [9.99957919306049, 44.444447761736996], [10.001067552785521, 44.44303929764998], [10.004317491302885, 44.43733006056274], [10.004705484772122, 44.4365073969385], [10.006431730247918, 44.432395958025865], [10.00549874198427, 44.428460879744065], [10.002461206484629, 44.42285197346043], [9.996217981299901, 44.415623373433206], [9.990999347961687, 44.407361091778974], [9.989284712433154, 44.40433116180693], [9.990247522258656, 44.40410675259811], [9.990488123289293, 44.40396961826703], [9.990857016374553, 44.403759358567605], [9.994027551312216, 44.4016881748451], [9.99583869034233, 44.399826835907], [9.996192868489775, 44.399238560367436], [9.996373516258851, 44.39876782006581], [9.996563676607542, 44.39827227641795], [10.002191983274235, 44.394290468761405], [10.008398149983451, 44.390102928399116], [10.010263561823367, 44.389063713660946], [10.012815833536596, 44.38801893039022], [10.016484441795303, 44.38695053872732], [10.020073983290052, 44.38492040080981], [10.030214484718847, 44.38124516766072], [10.042236556859333, 44.37425003446712], [10.04389113747832, 44.373813667208935], [10.04570519459999, 44.37343508822262], [10.050823698517487, 44.373150442617565], [10.053178321835142, 44.373033354488015], [10.056405870239391, 44.37175124758123], [10.059456636351932, 44.370001844052844], [10.062515038168547, 44.36809436784085], [10.063562521854188, 44.36657395114247], [10.066923168249811, 44.36341533888105], [10.074817873313775, 44.35865355486962], [10.078083759021622, 44.356707462739], [10.078848785072173, 44.35687675982704], [10.079881429955533, 44.35705606732193], [10.08073527608315, 44.357129020808635], [10.086180552105203, 44.35493310154116], [10.090361766781212, 44.353220321531644], [10.092025643324423, 44.35238516257518], [10.092437252438113, 44.35197832076786], [10.092678801959774, 44.35173892109979], [10.092923655746336, 44.35126918935218], [10.09316285386363, 44.3508099500556], [10.093272370848702, 44.35059970555708], [10.09329474055314, 44.35056817928898], [10.094164983594887, 44.34934855643536], [10.094949417405576, 44.348377913938265], [10.095261525837993, 44.34814101474414], [10.09577830136257, 44.34774876313633], [10.096738143904508, 44.34712131526401], [10.097092168131125, 44.34688988652432], [10.09735860905556, 44.34675527654639], [10.097980047503698, 44.34644131328257], [10.098272904156172, 44.34629335516703], [10.098985732145046, 44.34616743478647], [10.099247895313765, 44.34612192475095], [10.101672601301923, 44.34843027541057], [10.101845015726747, 44.34853352231573], [10.10188766166218, 44.348559059100936], [10.102220097895483, 44.348758120843456], [10.102416033623962, 44.348840532206744], [10.102617575994438, 44.3489253009874], [10.103015216931643, 44.34909254659147], [10.103682353282961, 44.34934912017564], [10.104065738487256, 44.34949652689454], [10.104942708061351, 44.349765783370486], [10.105060688213396, 44.34980200582377], [10.11182109537128, 44.35153693994097], [10.118317951668336, 44.35292299541782], [10.128233845479844, 44.35392638547548], [10.13190295979719, 44.35419364158498], [10.132631487199928, 44.35423481789431], [10.133258053485438, 44.35427022481107], [10.142034839972023, 44.35386772600725], [10.144533144391845, 44.35328325253657], [10.159860099627956, 44.34471218534453], [10.163385140641722, 44.338437322285344], [10.165267464908835, 44.33407875887383], [10.167905837294612, 44.3299104848749], [10.168522641896853, 44.32939101281535], [10.169291211533576, 44.329014033521915], [10.171508536669739, 44.32827107695341], [10.173507433258415, 44.327622637049636], [10.184877393569538, 44.3215430556104], [10.187669852631359, 44.317030616897654], [10.193196606197661, 44.315109446352146], [10.194552410134335, 44.31580646841069], [10.195257016905533, 44.315925137333636], [10.195464838138662, 44.31582213542215], [10.197242527001588, 44.314941032811134], [10.199203139802847, 44.313930145263036], [10.201689930634853, 44.312382523088786], [10.202291734744263, 44.31176402494797], [10.20330277134332, 44.310236373214565], [10.206879347729885, 44.305146886940335], [10.212372634382712, 44.30279857155015], [10.215540448095508, 44.30413788163699], [10.21566579137382, 44.30418123115126], [10.2162684234554, 44.304389496642386], [10.216857260039893, 44.30455145327283], [10.216927943621972, 44.30457017721014], [10.216975276666844, 44.30457784667619], [10.217556398284346, 44.304667649229664], [10.217717601500677, 44.30469255963578], [10.218143924962895, 44.3046880125888], [10.220486186943377, 44.30356758547571], [10.221166584364992, 44.30320905349833], [10.221872636486301, 44.30279638538379], [10.226263478474664, 44.29996744533574], [10.22670473834822, 44.29948555154534], [10.228554587608505, 44.297458015716096], [10.229177170648573, 44.296731088211246], [10.229810878389298, 44.295787965753455], [10.230332862309567, 44.29497207513919], [10.23087364280639, 44.29391136463121], [10.230886675235665, 44.29388574301862], [10.230895951183529, 44.29385089150937], [10.231460854338879, 44.292019197994605], [10.232254898142317, 44.29034974799153], [10.233250051861704, 44.28833246498241], [10.233743215217492, 44.28733684773381], [10.236090214474673, 44.282755958189746], [10.23703037774645, 44.281647415242496], [10.238639917101988, 44.28013548905755], [10.238815977802517, 44.28000752753399], [10.239758628180175, 44.279322392244296], [10.246210126185845, 44.27490345398749], [10.250975012262172, 44.27103408064012], [10.253856660736478, 44.26858093254834], [10.258808871024268, 44.26972966295415], [10.262465220216864, 44.27061054807214], [10.266070394344387, 44.27162324806299], [10.268304988378807, 44.2724364667956], [10.269115639404886, 44.27284159817441], [10.269673808355192, 44.27323153013343], [10.269960652063354, 44.27375050886896], [10.269921266276373, 44.27402197090936], [10.272966682591093, 44.27603079564169], [10.280768321533781, 44.279544753720224], [10.284946108547851, 44.28119938676844], [10.29639696094244, 44.28517531851512], [10.30049654472472, 44.2852969913461], [10.307116001453693, 44.284323905040345], [10.308027055766964, 44.28411363795108], [10.30810103348901, 44.28409656369115], [10.30855445026616, 44.28373124440096], [10.308962507996588, 44.28340246504635], [10.310684777474368, 44.28195125375278], [10.311142694299653, 44.281544328082205], [10.311495476350263, 44.28123070855982], [10.31296926493468, 44.27988134750498], [10.313527171619866, 44.279365005119296], [10.313718520213946, 44.27918778861538], [10.314140212012669, 44.278757621035425], [10.322371878761961, 44.27573923331501], [10.337135125484401, 44.27150733711684], [10.35063527667157, 44.26967394861103], [10.360587926154745, 44.271518455721676], [10.369550297320304, 44.26952375291253], [10.377049988231486, 44.267083955424546], [10.38858197282969, 44.25907255880422], [10.401304871450973, 44.251270868118326], [10.407397256031848, 44.24930836248029], [10.410286898497246, 44.24330778099318], [10.41362368076156, 44.23772600504997], [10.414030082259496, 44.235843253371826], [10.41460423250653, 44.235362060531244], [10.416099327264893, 44.23450768271998], [10.419956116900137, 44.23242511823446], [10.430782667676324, 44.22664512592144], [10.432129655662248, 44.2264301800329], [10.43330468885378, 44.22635241875567], [10.43420438478056, 44.2262961039133], [10.435054629318415, 44.22624941270278], [10.43554323042081, 44.22623666071866], [10.43571987530115, 44.226232050036295], [10.438818729883362, 44.22610308723281], [10.439443269940515, 44.22627396029219], [10.44023101258788, 44.226490362295195], [10.441476090655339, 44.22723090034819], [10.442319549553353, 44.22793149623534], [10.442589562029324, 44.22820762866974], [10.452021113643923, 44.22945162506905], [10.460040559257479, 44.22960597382427], [10.466402780138202, 44.2296684924493], [10.47012968806253, 44.22605542228657], [10.475045650237485, 44.22378631329141], [10.482806489885315, 44.22322678147328], [10.483170507448405, 44.223174792389294], [10.483779765775974, 44.22308760327559], [10.483846575726531, 44.22306685742418], [10.484611671974294, 44.22282510190494], [10.487506014085742, 44.22133289655402], [10.488393325856292, 44.22086724248729], [10.48852827576504, 44.22075744329566], [10.488739118942183, 44.22058589297423], [10.48879815316807, 44.22053785912614], [10.491787392108938, 44.217558166394376], [10.490948304160185, 44.21396465349702], [10.486739197901516, 44.2068553772982], [10.486892465366465, 44.202520658821676], [10.489243058447169, 44.198456673259074], [10.493352847848536, 44.19518892132528], [10.50525953811156, 44.18857741853253], [10.510014481458882, 44.18691390783749], [10.511121082300543, 44.18583484506226], [10.513526004102658, 44.18349847476915], [10.52217130232591, 44.175721960584745], [10.522938734123727, 44.174838429765494], [10.519702580614096, 44.16719291904264], [10.52493093005767, 44.15700374630545], [10.527231113524364, 44.1560817072736], [10.542604108839248, 44.149898493404706], [10.552601886264693, 44.145007952318565], [10.568806880190474, 44.136548676249255], [10.57577116747735, 44.13188822194445], [10.581383506375406, 44.12676997528443], [10.583487889762162, 44.12026649855948], [10.584078923980035, 44.119546879537474], [10.584728598845919, 44.11907018230383], [10.584915405729761, 44.11895789880791], [10.585481992792174, 44.11861826532072], [10.585528190611408, 44.11859061800943], [10.58641688183384, 44.11816382177006], [10.589554701021406, 44.11681507516228], [10.590271529156025, 44.11651697175546], [10.591655950377435, 44.115948502078346], [10.59184249753034, 44.11587696117659], [10.59197191390471, 44.115827333299215], [10.59253419459671, 44.11561214284044], [10.592945114225987, 44.11547000776709], [10.593103756892818, 44.11541513357501], [10.599803426731162, 44.11491559104632], [10.601050678860672, 44.114825861240185], [10.603781190037077, 44.11468050413982], [10.604238463548494, 44.11468349360006], [10.605093567816663, 44.1146890797373], [10.605396397413864, 44.11493582613864], [10.605528050027553, 44.11504309637746], [10.609846755250869, 44.11861056977896], [10.624055891542973, 44.12036613364534], [10.62524444937509, 44.127062517522184], [10.622310192150536, 44.13829060242899], [10.622564351306668, 44.141177052561446], [10.62773418910144, 44.143232688805234], [10.633156900210185, 44.14619365350029], [10.634332582141198, 44.14809016320752], [10.634795229644562, 44.15038372409948], [10.635652195390444, 44.15332460852391], [10.6361103379507, 44.15406530012022], [10.640993598748471, 44.15951994435189], [10.64255479646018, 44.15988312619865], [10.643980907498497, 44.1600913541236], [10.644172635933112, 44.15998341772017], [10.644584041057849, 44.15975053071483], [10.64472493752479, 44.15964496118238], [10.644782357648703, 44.159601937460685], [10.64490256607487, 44.15951186653982], [10.645284883441434, 44.158867173495494], [10.645382088559705, 44.1586818632585], [10.661620110696376, 44.15401563939102], [10.67166373647463, 44.1542191307814], [10.672503206294744, 44.154627486757526], [10.672782726210679, 44.15470107232856], [10.672908143742847, 44.154734088343076], [10.673410400533585, 44.154866285574435], [10.67792106343097, 44.156011009586926], [10.689221596550206, 44.15719050147381], [10.696589807042992, 44.156352145793605], [10.700591608969285, 44.15510416554112], [10.707864473073037, 44.1549504713257], [10.708730779290544, 44.15496051038056], [10.708938187405419, 44.154962914345084], [10.709681647023803, 44.15509678761956], [10.709909042945785, 44.155137768868975], [10.710084214096304, 44.15516934368688], [10.710723769381351, 44.15566393891636], [10.712396364709534, 44.157212914518155], [10.713053703202428, 44.156664365956715], [10.713791466402888, 44.156230154857646], [10.71496826706689, 44.155843359830236], [10.717248449580923, 44.15555701126388], [10.722633566297288, 44.15592401973672], [10.73590686286903, 44.15642732446815], [10.741611896805939, 44.1563994364019], [10.751924521727023, 44.15467033072571], [10.75415945805076, 44.154170908604904], [10.754260013953166, 44.15414837059621], [10.756147016906414, 44.153318364315595], [10.756791366927342, 44.15302445248704], [10.757137942630866, 44.15286616028013], [10.757678499688419, 44.152619255685686], [10.758966845428011, 44.15177086121744], [10.759781197917484, 44.15101120977225], [10.760010758441075, 44.150757494071705], [10.76050787370211, 44.15020786848757], [10.764170812283014, 44.14514563162289], [10.767368599408579, 44.140009959372904], [10.773259236534747, 44.13466038436828], [10.774369677413054, 44.13406020229959], [10.774422330647772, 44.13403176977559], [10.774477321135548, 44.134002115197354], [10.779336464304032, 44.131387853759215], [10.779801080919137, 44.13116777146225], [10.780034126178961, 44.13105738004835], [10.780790777130624, 44.13069895571282], [10.780854769776816, 44.130672155742865], [10.78230914450894, 44.13006306210377], [10.78371590293936, 44.129529344221574], [10.784620544965106, 44.12919863743518], [10.784690483668115, 44.12918406233246], [10.78518171328686, 44.12908169437625], [10.788968051512887, 44.12829315456575], [10.790298916146657, 44.12807429651617], [10.79130765609086, 44.12795055417474], [10.792430721162358, 44.12788792197508], [10.794260470727592, 44.12784118020636], [10.798093848017292, 44.12627279410696], [10.801396734646989, 44.1229932138463], [10.803159048466128, 44.119310144871186], [10.803349447796709, 44.11907306058764], [10.8041105111552, 44.118619887238616], [10.805197979287763, 44.118215570138844], [10.80620099521848, 44.117911612340876], [10.813114766538217, 44.116132009873645], [10.814762165206737, 44.11618506156943], [10.814798982618855, 44.116109213568805], [10.81503691726906, 44.11562143330363], [10.815995467886905, 44.11487463625022], [10.819149806281972, 44.11245072682146], [10.821377761882577, 44.11299778007461], [10.829172262478627, 44.116665732970546], [10.83424250660385, 44.11433754439639], [10.842804301753228, 44.10962878571709], [10.84601767802112, 44.10255018485635], [10.845979929839137, 44.102465266439246], [10.846098849845779, 44.102098716714934], [10.846173722962005, 44.10186793308283], [10.846300953999704, 44.101645293594785], [10.846741656524944, 44.100874105977134], [10.84821549624197, 44.09861021466181], [10.849214631348804, 44.09814259714273], [10.852810776366672, 44.09836656411233], [10.853086231431028, 44.0983848489464], [10.853899927151584, 44.09843887154536], [10.855000330855644, 44.09856235175947], [10.855496070449098, 44.0986791688037], [10.855780707162584, 44.098746263655656], [10.855886418051655, 44.09877982407194], [10.856718733631435, 44.09907228068446], [10.856796636398757, 44.0990914325491], [10.857486517839867, 44.09925808359973], [10.857533545011929, 44.0992669935915], [10.858454173114948, 44.09944049233586], [10.859571445608088, 44.09961137267192], [10.864236041329077, 44.10008613788899], [10.868642458648463, 44.100155664228346], [10.875524784631539, 44.09999873375757], [10.875947122650276, 44.09995561993048], [10.876260099370075, 44.099923633907814], [10.877052600108343, 44.09969468465388], [10.8787072794055, 44.09861952233308], [10.879780614264309, 44.098263178315584], [10.880444268208795, 44.09803987066072], [10.88059646475981, 44.09798865829175], [10.881152723711606, 44.09779961727667], [10.881385505510996, 44.097718489562595], [10.88162143921505, 44.097611662043775], [10.892349011382084, 44.09200552808288], [10.901936064564019, 44.086349422843135], [10.904053899558368, 44.083968665924665], [10.90521534123648, 44.0799345834308], [10.90414655569029, 44.07749238798932], [10.899463292415739, 44.067227906168426], [10.899181404108186, 44.06657414586973], [10.899139510522117, 44.06647682425839], [10.899209684011442, 44.065935672982974], [10.899334055612226, 44.06571758291521], [10.899365416916362, 44.06566290690893], [10.899395095196757, 44.06561132088381], [10.899517079650577, 44.0653992907709], [10.900260767103688, 44.064837728611586], [10.900863212931895, 44.06448793579793], [10.901092928620745, 44.06436868365432], [10.901710063334427, 44.06406996301899], [10.901795632832542, 44.06402890955033], [10.901831862182489, 44.06401853326256], [10.90269874193681, 44.063770631121194], [10.904729843393342, 44.063250754623816], [10.910063406539177, 44.0625404559293], [10.910897469252681, 44.06246348156717], [10.912006063444156, 44.06238190557903], [10.91230055628258, 44.062369885117846], [10.91312828893379, 44.06233610255014], [10.915235642255903, 44.06225550191441], [10.916148460647767, 44.062294482503866], [10.916904911714171, 44.06247738974521], [10.91696239082637, 44.06249130917383], [10.917012179381766, 44.06250841965805], [10.917716630310512, 44.06277848222959], [10.920880609777933, 44.066343160831245], [10.92670745556618, 44.074877171126914], [10.929006476166705, 44.07614716630286], [10.932867780028085, 44.07740973472065], [10.939081941545084, 44.07940336578101], [10.941826862719118, 44.08028591936793], [10.941916269069901, 44.0803172339175], [10.942635476498205, 44.080569284854725], [10.942960677411916, 44.08069894958187], [10.943457768651172, 44.08089729642347], [10.944143299704788, 44.081227872346744], [10.944732538092424, 44.08167699676251], [10.964278657203108, 44.10195604617382], [10.969610850428746, 44.111746708970934], [10.971373316063618, 44.116269236098546], [10.982250366495652, 44.124255664931994], [10.985051231067605, 44.12540508348971], [10.993466112849926, 44.12921927631176], [10.993650146130898, 44.12932864339269], [10.994040081866816, 44.12956037255905], [10.99454182452841, 44.12998375283236], [10.994817169468012, 44.130366051147234], [10.994906072015926, 44.13063952220407], [10.994955431230352, 44.13079539544769], [10.99496025578416, 44.13090347476155], [10.994968561531696, 44.13115000729736], [10.994975111745195, 44.13134462874194], [10.994875409070568, 44.131724500882136], [10.994630023678049, 44.1322329513723], [10.994466159831628, 44.132459331227], [10.994429516900249, 44.13250974225823], [10.994264659443129, 44.1327353549959], [10.994211524060988, 44.13280726082225], [10.99355902241167, 44.13346705827238], [10.993181613336494, 44.1337851099477], [10.99306106785054, 44.1338857331969], [10.992871488281734, 44.13404296535333], [10.996163119616908, 44.13617651488724], [11.006391387009621, 44.138833232618275], [11.006952946567477, 44.13854579635464], [11.012381195763897, 44.13816931703235], [11.01430919893906, 44.1374874349853], [11.014424335942849, 44.13728051025463], [11.01454462719102, 44.13706030041043], [11.015145036507056, 44.13254035321601], [11.015183100683824, 44.12929848163431], [11.015012354012788, 44.12618522763692], [11.014979693368518, 44.1258032284065], [11.01492934422946, 44.12521435483017], [11.01485856100421, 44.124905063999755], [11.014755889833973, 44.12445662234639], [11.01473838906372, 44.124380345932586], [11.014537999680874, 44.12399673452685], [11.01420270579594, 44.12369655560891], [11.0140062395769, 44.12356944630025], [11.013732217824963, 44.123392159473575], [11.013525393344175, 44.1232583472791], [11.013170348359585, 44.12313404317621], [11.012766462448555, 44.12299263752502], [11.011945393674162, 44.122737008870665], [11.009382060156765, 44.12196292792527], [11.008678538782934, 44.12178282794209], [11.008296840470434, 44.12168511173707], [11.007422990163533, 44.12161390222961], [11.007295189851128, 44.121603487501176], [11.006167439977743, 44.121515270938964], [11.002110623795222, 44.112351704096184], [11.011460024078445, 44.1043794375796], [11.012695242970235, 44.10359242054696], [11.013623190507133, 44.1033238247906], [11.014481730975373, 44.103218801668504], [11.023992680858159, 44.09745057442705], [11.027674641491489, 44.09611772873589], [11.028337899125823, 44.09593304841242], [11.0291073343004, 44.09581157881059], [11.029690024943722, 44.095794941069165], [11.029976020757694, 44.095787023629114], [11.030030744160971, 44.09578696022313], [11.03148120066379, 44.09582333251758], [11.032199004581118, 44.0960075340399], [11.0363628743831, 44.096420427180156], [11.040922487422273, 44.09634502311669], [11.047130732449851, 44.094949401934564], [11.048624455312195, 44.093232137154494], [11.049427124629327, 44.0902460680692], [11.050038933698078, 44.09053969437038], [11.05063256221714, 44.09076682586132], [11.050937792880465, 44.09088359793044], [11.05141270453173, 44.09103812103313], [11.051619938782851, 44.09110550269153], [11.051987027336308, 44.0911773512249], [11.05246258501813, 44.09127042608189], [11.054281785368627, 44.091498805200146], [11.06762488152044, 44.091846128690165], [11.076696622119716, 44.09163358445689], [11.082545007543988, 44.08985215778162], [11.088796481752969, 44.09001687593694], [11.09044950072995, 44.090684918746796], [11.091789178913348, 44.09206037413656], [11.092907479766273, 44.09366047073465], [11.093220835446381, 44.09445749992834], [11.095846263371936, 44.095601671009454], [11.10898323722266, 44.1005284875867], [11.114230860122161, 44.10268734950006], [11.12398854574929, 44.10693332947369], [11.124610710688989, 44.107209853718764], [11.125412519936198, 44.10761807556808], [11.12551357009945, 44.107693751433466], [11.125658879935493, 44.107802573109666], [11.126362680426627, 44.10832963707771], [11.127043532276796, 44.10884814166268], [11.127092768064234, 44.10891472919436], [11.12745065093979, 44.10939874330452], [11.127598326803463, 44.10961863958272], [11.127642599320799, 44.109684563974966], [11.130073908305114, 44.108964135963525], [11.132554815167088, 44.108459090581746], [11.138806646668783, 44.10782050003633], [11.139417440317782, 44.10780626149521], [11.139861813802867, 44.10797768760549], [11.140162610956244, 44.10827890007721], [11.140304594815623, 44.10851289453971], [11.144680129269943, 44.110501718794694], [11.154855738833971, 44.11181087818379], [11.163875139211969, 44.11071060818263], [11.16687002747113, 44.10870326814577], [11.170292945628765, 44.10756619377575], [11.170641315163921, 44.10748202129001], [11.170899826074464, 44.10741961409812], [11.172878560149233, 44.10720191508583], [11.185824076295486, 44.10586548246218], [11.194971167594968, 44.103375802190776], [11.202419324702387, 44.100737719843366], [11.208171312542206, 44.09921045586805], [11.219685770478188, 44.10060948591881], [11.229452065590793, 44.10204213751009], [11.235444350148754, 44.1013131892114], [11.23882172744107, 44.09971609234194], [11.2400308704204, 44.098467627804254], [11.241233195595711, 44.09765660298056], [11.241284008901271, 44.09763760391288], [11.24159141127256, 44.0975280286671], [11.242136961974468, 44.097346262411854], [11.243892629350784, 44.09710878249387], [11.244561624853018, 44.09719965957662], [11.247330360834706, 44.09777093657294], [11.248669138491497, 44.098446729725424], [11.250071643070621, 44.10001561634832], [11.251250905628172, 44.102289880417146], [11.256885402146752, 44.104411147788106], [11.263687992820769, 44.104272014305636], [11.263489625614367, 44.10563972657785], [11.262286679365674, 44.1108195382688], [11.261994002449741, 44.11173756792251], [11.26110211167136, 44.11371187032156], [11.260087610273361, 44.11581077404812], [11.25955056190967, 44.11568401583929], [11.258495469174111, 44.115435043349684], [11.258354350411292, 44.11540798818826], [11.25752030211337, 44.11524840931269], [11.25736525669403, 44.11521899394548], [11.255161803347193, 44.11505113702416], [11.25503175707699, 44.11507135764269], [11.251889110896496, 44.11571519652372], [11.248962923041457, 44.116816102999486], [11.243722739719878, 44.119411942569606], [11.243628753666165, 44.11946346836292], [11.243327573557124, 44.119628589203394], [11.242980360886062, 44.11981921891902], [11.24151950863812, 44.12132474911491], [11.229417564254565, 44.12734285749961], [11.215277985381274, 44.131913093661765], [11.198642631251086, 44.141329927279806], [11.195865332850323, 44.1430084380823], [11.193843230901306, 44.14560980070085], [11.19360007685646, 44.146660539872556], [11.193779066863375, 44.14727230098889], [11.193883640208464, 44.14762965397919], [11.195730680406495, 44.151414650202916], [11.198588134311033, 44.151699036598636], [11.20547354484541, 44.15089017614988], [11.207356582461628, 44.15033604020082], [11.208580157139066, 44.15012064994023], [11.21401636680636, 44.15014512095077], [11.214652276795523, 44.15029149632252], [11.215160183991756, 44.15040848862387], [11.216261964244126, 44.15066446611333], [11.216395403675348, 44.15069553317796], [11.216470345592292, 44.150713036277665], [11.227446005534913, 44.15381702816052], [11.23029230268165, 44.15499149892969], [11.230592890498865, 44.15523935873609], [11.2316762910784, 44.15613366884957], [11.23326631449515, 44.15744585093214], [11.233845043524699, 44.15792342956415], [11.23410484455996, 44.158083191679005], [11.234270701751816, 44.15818518313509], [11.234394763737852, 44.15826147282139], [11.234639635336679, 44.15841205013542], [11.23929132354241, 44.15891624604862], [11.257688897649182, 44.15879233093172], [11.268472979492442, 44.15867637682832], [11.278192696202767, 44.155714777048956], [11.281216425047374, 44.15629811922364], [11.29282342298217, 44.16554098028946], [11.294928621640192, 44.16647134244639], [11.295092514801052, 44.166544919714966], [11.296936872417637, 44.167380329496325], [11.296994206947014, 44.16740636255096], [11.297277793395844, 44.16753874930738], [11.298100174787642, 44.16792450515592], [11.2980650133087, 44.16816346344696], [11.298056162378504, 44.168223504486456], [11.298039115998392, 44.16833647358549], [11.297202874368342, 44.17012479665611], [11.29663712614952, 44.1708991032887], [11.29595749684716, 44.17155149585828], [11.295882534555831, 44.17187187930191], [11.295802798237045, 44.17239565042782], [11.298700774884091, 44.17257577311252], [11.299354392270688, 44.17254386385525], [11.299949278361186, 44.17251461758438], [11.301850994188554, 44.17241153964387], [11.30372305135782, 44.1723023319534], [11.304348228001375, 44.17229569288465], [11.306819336663322, 44.172277203430625], [11.30747577918671, 44.172305310003686], [11.307532558940043, 44.17230774123252], [11.308106650704962, 44.172444587573125], [11.308681534178914, 44.17258161937841], [11.30952985185789, 44.17284354726032], [11.310671620969664, 44.17325259268398], [11.311852313324655, 44.173696848803075], [11.312637282862893, 44.174257140926585], [11.313849824138131, 44.17512265821412], [11.322888570802624, 44.181733049485246], [11.323822649998036, 44.18861933064213], [11.324242510066433, 44.19293213814708], [11.326581351848128, 44.19601875045612], [11.330179015014654, 44.19845487691036], [11.34054009567054, 44.203771813225984], [11.346107779641205, 44.20500717632264], [11.362851505228525, 44.204059502037325], [11.363548488561337, 44.20396380968906], [11.3652208518044, 44.203542288796896], [11.367420054149424, 44.20283049279703], [11.367487643926724, 44.20279938151761], [11.368102065614131, 44.202516555905945], [11.368341684213055, 44.20240625463494], [11.368716400336059, 44.2022317067177], [11.369159473897918, 44.20202522180106], [11.369525664951027, 44.201853606626685], [11.37151788527866, 44.20088184753245], [11.37178520105517, 44.200738118193414], [11.372022660183507, 44.20061044139802], [11.372402869088033, 44.200427218917554], [11.37278349097956, 44.200243867745606], [11.373709604207908, 44.19993626145504], [11.375613352095028, 44.19935701323582], [11.376106928594213, 44.19928515581349], [11.376729006002549, 44.199194588892134], [11.376770177834517, 44.19918859473411], [11.377353997233609, 44.19917643179587], [11.377782401667547, 44.19916750532125], [11.37861086684016, 44.19931133262902], [11.378891600854326, 44.1993600687141], [11.379378267193797, 44.19951684091522], [11.379856327008824, 44.1996708392552], [11.380545126045057, 44.20000076225834], [11.382203113561197, 44.2010825405936], [11.383040208187666, 44.20166826681516], [11.383775094986822, 44.202202101231855], [11.38409836712203, 44.20245987819325], [11.38451217462505, 44.202789903727], [11.387062323309664, 44.204888649767], [11.387388485566158, 44.20522359321516], [11.387482614135088, 44.205500711214114], [11.387586143990795, 44.20580550657965], [11.387559705933338, 44.2059492433731], [11.387494861488484, 44.20630177768708], [11.387470562967572, 44.20640125169072], [11.387724906688023, 44.20982148568601], [11.38923547021077, 44.21245783167448], [11.393627841066404, 44.217134963355846], [11.406504650629383, 44.22715837775875], [11.41761229771586, 44.23493959586127], [11.420877407149439, 44.23822112125055], [11.421067784847429, 44.239246033777675], [11.426994699684393, 44.234588660592], [11.437402590393368, 44.229010399872266], [11.451411079843192, 44.22063071059184], [11.454871706464983, 44.2130508397172], [11.454917063295888, 44.212933185505484], [11.454934435762434, 44.2128880655656], [11.454957866748808, 44.21282719975674], [11.454984993621219, 44.212756476381884], [11.454989324145831, 44.212668173403294], [11.455002077323035, 44.21239557297661], [11.454891224148243, 44.21184344508832], [11.454844211095788, 44.21161002309888], [11.447949786433512, 44.204930493387685], [11.448108132594609, 44.19984042965033], [11.454623884363107, 44.193748402308465], [11.463548434206094, 44.19128068740129], [11.467723316739516, 44.18580116206242], [11.482280015960376, 44.18491503552319], [11.483395454347741, 44.18458460632398], [11.483594304638347, 44.18448027767186], [11.48643848910555, 44.182809751921006], [11.487079482869854, 44.1823561502008], [11.488230407747913, 44.18147001617164], [11.48926326825922, 44.180648423833034], [11.489442031532853, 44.18041976155451], [11.489514911960386, 44.180265956481136], [11.48954544719089, 44.18015987846908], [11.487348013164354, 44.17943345592124], [11.486445182538892, 44.17922459111849], [11.485357537167005, 44.179081156276844], [11.486215883237236, 44.17564197310946], [11.499731128200356, 44.16612346105528], [11.510416616070188, 44.163976944485086], [11.516128169307544, 44.15951848090218], [11.516369510513131, 44.15750460234426], [11.522067187828972, 44.155484990584405], [11.523968788284707, 44.15630054715662], [11.524947078667022, 44.157663038727065], [11.52955540210909, 44.157949003797356], [11.538558311702277, 44.153850909715196], [11.539331303833258, 44.15353338792452], [11.539369322229227, 44.153517771113336], [11.540232234996553, 44.153228490522686], [11.540567343619658, 44.15314547548136], [11.541370555180134, 44.152946573282826], [11.542300930065402, 44.15277280796958], [11.544415760751857, 44.15252763278837], [11.544818944330869, 44.15260863335991], [11.551922931543874, 44.15845599582513], [11.552054413258258, 44.15859860720457], [11.552670658971845, 44.15926701442613], [11.553475994605343, 44.160636809700435], [11.553506259403777, 44.16068829337559], [11.553532072760284, 44.160944369435164], [11.553644496389303, 44.1620596289846], [11.553045119437492, 44.16357062731323], [11.552637978055426, 44.16464412801159], [11.552538011604767, 44.16501791053722], [11.552452080300611, 44.165339213228684], [11.552616780159498, 44.16546629284733], [11.55297560903347, 44.16574281839318], [11.564068455130228, 44.167474521801054], [11.568479454029733, 44.166729452130305], [11.570709113264648, 44.16490094194912], [11.577513292418296, 44.161360133481324], [11.592824547731592, 44.1609680446458], [11.604152449811838, 44.15844401992562], [11.610285848947578, 44.16040731634447], [11.615364507077619, 44.15825439604206], [11.615188244794075, 44.15814404837453], [11.614839302756781, 44.15792559202626], [11.614193048391098, 44.156600971048206], [11.614160682887146, 44.15507098399409], [11.614532652257331, 44.154459045126636], [11.615929739273252, 44.15243156566831], [11.617250724970722, 44.14980158448376], [11.617760494907172, 44.14623496588916], [11.617781238385504, 44.14608564837582], [11.617832993643525, 44.145713077624066], [11.617804721526458, 44.14553416942297], [11.617744990601366, 44.14515723438491], [11.617094187685321, 44.143975104963225], [11.616854945503716, 44.14360920305209], [11.616705604105553, 44.14338080627508], [11.616652229002174, 44.14330985985355], [11.616346345223048, 44.14290327549115], [11.615916488775975, 44.14250836288571], [11.614591738235513, 44.14169358770473], [11.614291316342912, 44.141644425594905], [11.613168840638032, 44.14170613457795], [11.612319553639203, 44.14171657138265], [11.611719651742227, 44.14172129621875], [11.611342457021468, 44.14171583924009], [11.610989481598823, 44.14171069140989], [11.610845778096774, 44.14164222304649], [11.61070558554011, 44.14157542709752], [11.610356294625042, 44.141408950326515], [11.605283598620375, 44.13865430047458], [11.603612762843262, 44.13721483411794], [11.60191553803208, 44.132466424266646], [11.599715136189484, 44.125150758454346], [11.591768948560304, 44.12464720388778], [11.590580921204092, 44.12450807576215], [11.590288497856585, 44.12447372978639], [11.589632270868709, 44.124382323106474], [11.588627199378264, 44.12424231701396], [11.587832084733385, 44.12369973487836], [11.584155507182114, 44.11681542415912], [11.583993629065889, 44.1164626309832], [11.583894283507158, 44.1162460264938], [11.5837577696687, 44.11541955855598], [11.58378633578396, 44.115248997847026], [11.58389832037343, 44.11458036056618], [11.583925587556898, 44.11441757000918], [11.584272103226272, 44.11273759526512], [11.584574208203309, 44.112205154969125], [11.585048223974368, 44.11229389075441], [11.586466782128824, 44.112559438765246], [11.59072766284862, 44.11358096053485], [11.595761259109528, 44.11592309259967], [11.598044382302104, 44.11753604426323], [11.60082769491969, 44.11860728714039], [11.611608837546983, 44.119535482735785], [11.614095065140386, 44.11923454309653], [11.621405827182091, 44.1171463417324], [11.638746380964337, 44.11152252979982], [11.643512470507087, 44.10631633155584], [11.65257375820234, 44.100857410280774], [11.666386080669442, 44.10998461761046], [11.673196440924155, 44.113444899669794], [11.67665160622182, 44.11864688544042], [11.678303207530933, 44.12134449125742], [11.681737638833672, 44.12269631679523], [11.687350644615332, 44.122450708047865], [11.696466567957112, 44.12149311344393], [11.69667944195844, 44.12146783216958], [11.69730097298744, 44.12139401480645], [11.697412844293774, 44.12138072736844], [11.700549919164219, 44.12064934562143], [11.710704786805527, 44.12183887728084], [11.715893788492476, 44.12254661158948], [11.716265312482374, 44.12208146569127], [11.716666616037735, 44.12178368502142], [11.717037809239221, 44.12160580119825], [11.717397762554144, 44.121433485571245], [11.717914343698128, 44.12121821306209], [11.718119521412827, 44.121132709909276], [11.718222575927486, 44.12108980215877], [11.718268531117292, 44.1210707757859], [11.718798897253556, 44.12088327928932], [11.719006363155327, 44.12080999743081], [11.719144856114909, 44.12079899499938], [11.720301395673316, 44.120707114246045], [11.721649464155682, 44.1209096236832], [11.72216351298544, 44.12098684106851], [11.723956509406989, 44.121385207613265], [11.725536053815452, 44.121761643035136], [11.728047456860873, 44.122795927780786], [11.729490268825497, 44.12349476034843], [11.731590015836465, 44.12430881780749], [11.735289674176803, 44.125131417625646], [11.74312874140562, 44.12592063627732], [11.745004769762977, 44.12596942267987], [11.747830899652698, 44.12493628878684], [11.748965447762068, 44.12399525551324], [11.752937176671084, 44.12053625367707], [11.752565321331353, 44.12036734910514], [11.752391474856664, 44.120288212597295], [11.751791063561736, 44.119665355394], [11.751561452311254, 44.11942688993646], [11.751479832202753, 44.11925832523884], [11.751076985120127, 44.11842112171537], [11.75027678809336, 44.11539705770679], [11.74961870544963, 44.110434644705435], [11.74374900927779, 44.10139370245889], [11.736581859922067, 44.09143206987214], [11.733401797990785, 44.08470722072543], [11.727382319385372, 44.08092486623447], [11.712732523929946, 44.06921926176786], [11.700695303734994, 44.05555900292783], [11.696849541035526, 44.04509834210429], [11.695828390755317, 44.039099433400885], [11.68951667577022, 44.03173980926477], [11.683820280062884, 44.02468935982859], [11.681888778409146, 44.02120405839899], [11.670933219725864, 44.021569743789385], [11.662877422983446, 44.020340587912635], [11.661967217356162, 44.02010972547065], [11.660697043194327, 44.0197067111442], [11.659695845404881, 44.019188757580736], [11.65766082214017, 44.0177277097409], [11.656937986292748, 44.01641857095257], [11.65848783219206, 44.01484297114838], [11.66032570842034, 44.012666431109004], [11.660884891676158, 44.01181611672849], [11.661045060129199, 44.01152488836569], [11.66157705225618, 44.010557558303155], [11.663854374717653, 44.006198481217076], [11.66390575744738, 44.00582163497814], [11.663922098006086, 44.00570178913055], [11.663942709717077, 44.00555061529848], [11.663526185253584, 44.0050940791512], [11.661188658708847, 44.00374360586897], [11.66057988504065, 44.003612413595725], [11.65952909486736, 44.00371013816066], [11.654584044059229, 44.004688966892274], [11.650145118158267, 44.002992246941425], [11.64852537245309, 43.99468850541464], [11.646018482474025, 43.99067122606946], [11.646191152566832, 43.98832211070506], [11.65030417575282, 43.979655567687225], [11.651247363528242, 43.978157160517625], [11.653373432000622, 43.975838987743394], [11.65399734982955, 43.975257288384526], [11.65477872252999, 43.9747868965233], [11.654930709912193, 43.974695401530376], [11.655264723594511, 43.974620972439766], [11.655652283264002, 43.97453462734624], [11.656239204667843, 43.97440388079814], [11.65683387163814, 43.974396081355806], [11.657599443084184, 43.97439000470274], [11.659024920288521, 43.97449224056213], [11.660139654547997, 43.974610453103516], [11.660253889621352, 43.97462316915682], [11.671730298121577, 43.966689885086396], [11.679004771192208, 43.96204189532479], [11.681580407785034, 43.96076626070192], [11.6816389115132, 43.960737674566374], [11.681897969319769, 43.96064009430298], [11.682717021829658, 43.96033417751965], [11.683429424344697, 43.960074726613094], [11.683831616368089, 43.96004728832784], [11.684444823310216, 43.96000547054846], [11.684998734761503, 43.960024058888806], [11.686726742375356, 43.9597244765834], [11.688693580112595, 43.95904199335042], [11.690470015722607, 43.95697995523731], [11.691262394729733, 43.95595796219119], [11.69197849648876, 43.95489438801734], [11.692048828953684, 43.95474416434778], [11.692319469161554, 43.9541660932003], [11.692544892082994, 43.95363859897698], [11.692561937450707, 43.95351448485886], [11.692599679132648, 43.953239658768915], [11.68966478412125, 43.95058237620027], [11.682381493391523, 43.93826638327529], [11.682198669193054, 43.93784964004019], [11.682903339092146, 43.93663350769003], [11.683282178182687, 43.936192458984465], [11.684205203289277, 43.93512639379484], [11.684944499097364, 43.934652059068725], [11.691595803169793, 43.9308199669927], [11.700374095621573, 43.92799456690158], [11.709746492218674, 43.925141826751045], [11.717031647445062, 43.92181760366623], [11.717607915020585, 43.91997624759549], [11.715857638946275, 43.91600246798693], [11.715132869565918, 43.908285808262875], [11.715570335886342, 43.90421513545572], [11.71547433978769, 43.90320005506047], [11.714334851297671, 43.89977881959499], [11.713936711164814, 43.898663368523906], [11.713886022504019, 43.898613484166546], [11.71340125987298, 43.89813551709085], [11.712334987571802, 43.89686439319101], [11.712298260995562, 43.896820497669744], [11.711980503008789, 43.89644063751785], [11.710814842172054, 43.894370592222], [11.708727070352204, 43.888176403072926], [11.708474366186865, 43.88586407193353], [11.710136394148728, 43.88079184274706], [11.710166734969004, 43.877445943278914], [11.716108475985811, 43.87675548801154], [11.717670732707635, 43.87635875598859], [11.718504303545076, 43.876077821152506], [11.720053389603382, 43.87538369318507], [11.720390842015158, 43.87522678336715], [11.72093092885543, 43.87497564805089], [11.721684605580453, 43.8745125509344], [11.721890386765342, 43.87438366806705], [11.724165587249503, 43.87168671852601], [11.725675294796172, 43.86956001912727], [11.72728833107686, 43.867828655149], [11.729538720968073, 43.865622937168894], [11.731379783750992, 43.863949808479816], [11.731576851964073, 43.86377355289196], [11.731774206005246, 43.86359704163266], [11.732021554276123, 43.86338505387151], [11.73228966544413, 43.86325634365892], [11.732476119811151, 43.86316683343509], [11.732902745270323, 43.8630572556159], [11.733017278439805, 43.86302783774738], [11.744003841259655, 43.86057647966924], [11.75867132330712, 43.855344586034015], [11.765905807002095, 43.853079671028226], [11.770914647771534, 43.85189585865847], [11.784168361967314, 43.847648062661904], [11.788468001277812, 43.84508475593188], [11.793362116322783, 43.838923767304095], [11.803771378422683, 43.8319707291791], [11.807177268201078, 43.82896085480927], [11.812105202612095, 43.82538272224131], [11.817427533529393, 43.81903928625565], [11.820910038302532, 43.81603060697692], [11.824603431877966, 43.81545795517122], [11.831941438283877, 43.812874770462926], [11.835183356206347, 43.81167631322286], [11.83621607905734, 43.811254257998186], [11.836403028385098, 43.81117785087012], [11.83682435768143, 43.810968339259695], [11.837203453945321, 43.81077982588347], [11.837431683059565, 43.8106663330915], [11.837508356841441, 43.8106282048103], [11.839730294716077, 43.80942815968302], [11.841673810374619, 43.80802399677731], [11.842100567427487, 43.808014854774996], [11.846326520344299, 43.808869191749594], [11.850504098967518, 43.81104761819428], [11.852020481186997, 43.81302989322705], [11.85327465141341, 43.81431342368854], [11.853407423602532, 43.814427545538834], [11.853764223966907, 43.81473367839288], [11.85536604453369, 43.815675056907324], [11.856060657552266, 43.81590077691467], [11.86666075798409, 43.81664304711264], [11.871153269225154, 43.814883056382506], [11.877971570954953, 43.81052490689562], [11.887025946786137, 43.808684167470346], [11.897594733849456, 43.808210516064904], [11.903534327808377, 43.81056278249049], [11.910378086319703, 43.81343989562988], [11.912183381419476, 43.81159321998274], [11.913853515843133, 43.80947876498296], [11.913900247594132, 43.8094126532024], [11.914245136798533, 43.80891988139288], [11.91431619095954, 43.80867842588748], [11.914437145326856, 43.808267295159915], [11.914442311342752, 43.807647619082516], [11.914281257126099, 43.80748823918359], [11.912762463171529, 43.80419397470365], [11.912478225106135, 43.80347378152305], [11.912367535209237, 43.80249524797629], [11.912295526625023, 43.8016867890274], [11.912286728827691, 43.80158800745701], [11.912336490179854, 43.80083048616727], [11.912473714876308, 43.799783602708914], [11.91273312966888, 43.799428579829545], [11.913098448944222, 43.79892869670188], [11.916980522220744, 43.796137629237556], [11.923987452332105, 43.79403234913188], [11.933505095355827, 43.79227191034407], [11.943925714855018, 43.79078306661793], [11.943997344317188, 43.79080236875034], [11.944505097109985, 43.79093918785218], [11.945193979807335, 43.791047467147315], [11.947062140244451, 43.79087323917057], [11.947719339687492, 43.79066917717073], [11.947821106012793, 43.79063757743758], [11.948284669297454, 43.79038147104506], [11.948324399479196, 43.79033638297988], [11.948763195292026, 43.78983840056718], [11.950719706164252, 43.78757139230271], [11.951172356747202, 43.786985093518744], [11.951332242341575, 43.78177768474265], [11.951214234687779, 43.78128547566056], [11.951113617892675, 43.77899238669037], [11.951208623729249, 43.77817627462035], [11.95122154805447, 43.77808389318103], [11.951462645670915, 43.77757201379106], [11.952655773945272, 43.77657746574932], [11.953380467626546, 43.776088692409445], [11.96311770800206, 43.772165357251424], [11.97394985690994, 43.768259124308976], [11.979784460424886, 43.76540174587799], [11.98283663572055, 43.76384409075914], [11.986510523157142, 43.76192759247721], [11.988162389555278, 43.7621668686428], [11.994732965255979, 43.763529326325106], [11.999044738942889, 43.76466109493396], [12.009565117510432, 43.76465501187306], [12.021403453352915, 43.76075978632278], [12.035737297473194, 43.757218912411396], [12.044412746150265, 43.75519726646978], [12.046325719651916, 43.758466998288654], [12.052887459666746, 43.75697655030181], [12.053844874718877, 43.75657400266861], [12.06039680796726, 43.753625554092864], [12.060780294304703, 43.75342789923301], [12.06107856475266, 43.753274163394444], [12.061136857963847, 43.75322757506875], [12.061395116562306, 43.75302078662095], [12.06149840004145, 43.75276772056651], [12.061583563226213, 43.75255804740341], [12.061627752436268, 43.75231408969503], [12.061670379170435, 43.75207875492807], [12.061528083783251, 43.750749442763784], [12.061327858125422, 43.74944541244131], [12.061674675693999, 43.747846300333094], [12.064364667736534, 43.743247320802496], [12.064590688837072, 43.74290887988362], [12.06502903270663, 43.7426703911234], [12.066589777517787, 43.74194438999682], [12.067225440582186, 43.74166606670639], [12.070317553231792, 43.740811224204975], [12.071306706088796, 43.74068677735891], [12.077060609425697, 43.74065395075143], [12.081475303218202, 43.74322664073004], [12.092004508617647, 43.74754318367591], [12.101864864770254, 43.75145251076511], [12.107443242772554, 43.75377371937857], [12.108553628256448, 43.753062957439596], [12.11037837588828, 43.75256310548264], [12.122792213913819, 43.749334234049435], [12.123577437369459, 43.74915048372766], [12.124203301797314, 43.74918309280524], [12.124725447191011, 43.74922282418651], [12.12520869088493, 43.74929062782962], [12.126007518783169, 43.749426317397514], [12.139802694818751, 43.75245072980985], [12.148183893101676, 43.755537939836685], [12.152521374099639, 43.758717942360256], [12.160047018822546, 43.761688042269476], [12.164805718141755, 43.76108808180288], [12.169489809287098, 43.75443532500542], [12.170871843299718, 43.75217766068998], [12.170957017981015, 43.752031239123305], [12.171076786933767, 43.751825345272], [12.171172100512242, 43.751660639887184], [12.171527168038645, 43.750741453162675], [12.171708779625707, 43.74975955174576], [12.176928967929141, 43.7452118578759], [12.192609199791194, 43.73356549207236], [12.194632657386748, 43.731924322771306], [12.195995183673643, 43.73297108643725], [12.198387169866432, 43.736860226934255], [12.199887231386707, 43.7417117309076], [12.197665261072732, 43.74481139287017], [12.204418659954058, 43.74818506765181], [12.209292502823955, 43.75505645233998], [12.21751629320576, 43.75787723496796], [12.228089328324812, 43.759596636283334], [12.22816915047074, 43.75959430651573], [12.228554262319117, 43.759583063491554], [12.228619678488133, 43.759578860241895], [12.228788809661237, 43.759567677065014], [12.228992285579217, 43.75955422227028], [12.230998822322551, 43.75898540037757], [12.231846739549185, 43.75868547602379], [12.232228114998435, 43.7585505730031], [12.232456116544567, 43.75846826037562], [12.23263245838977, 43.75840459715342], [12.2326931278922, 43.75838269321043], [12.233020497344132, 43.7582550435924], [12.233064683133751, 43.75823604518968], [12.233362012584944, 43.7581082026427], [12.235755310816984, 43.75703770042128], [12.238517230835827, 43.75569569385511], [12.23957446091919, 43.75513034781581], [12.2412597128906, 43.754225597629016], [12.241326416726395, 43.75390862329933], [12.241343520588908, 43.7536560177128], [12.241351457599542, 43.75353878244781], [12.241281544627297, 43.7532249049951], [12.241172021684877, 43.75283262433958], [12.241162437105594, 43.75254029320964], [12.241276366795105, 43.75185729668749], [12.241393642674007, 43.75141733354824], [12.241948998605661, 43.751207997642815], [12.243629707676957, 43.751052223511174], [12.244111888481905, 43.75101151439767], [12.245910273893271, 43.75119448324273], [12.248246110568367, 43.751497182611274], [12.24832079256066, 43.75150810813397], [12.248581002276378, 43.75154617484879], [12.253098767783412, 43.752632970993744], [12.25369055732858, 43.752809676194964], [12.254205973416894, 43.7530380730242], [12.254530614040428, 43.75322779605358], [12.25461722387103, 43.753278411300435], [12.25466133697857, 43.753304191489654], [12.254798544169423, 43.7534345060737], [12.2550754787218, 43.7536975279766], [12.25520940527208, 43.7539052843246], [12.254386222476622, 43.75450045388741], [12.258026786609523, 43.76042742546586], [12.270859250918221, 43.76271773711778], [12.277019937407795, 43.764589292433826], [12.277678044682267, 43.76477297198553], [12.277926663560232, 43.76484236080853], [12.281428400020856, 43.76498485337307], [12.283780955023417, 43.76491721240244], [12.286622987245757, 43.7627512019485], [12.301364060689941, 43.756014677228336], [12.30739774421429, 43.756411744034175], [12.319094100994375, 43.75464980623382], [12.32707417098214, 43.75100981677612], [12.327350580496685, 43.75072728276159], [12.328614639824039, 43.74934436353773], [12.32898872489694, 43.748883309472696], [12.329985574310372, 43.747643669994275], [12.33065095670463, 43.74658404033074], [12.334574723109766, 43.73992419467235], [12.337700353482752, 43.736911749229066], [12.338771381544985, 43.73623178895289], [12.340413635910657, 43.7352564244761], [12.345547051569586, 43.73123024923465], [12.347605683246647, 43.729558665283534], [12.360401133029429, 43.72005325039156], [12.360724592234623, 43.71994535654796], [12.361037682266392, 43.71984091997667], [12.361586630926464, 43.71964019284299], [12.36309012906562, 43.718835146252566], [12.363927860358347, 43.71830628757251], [12.364465204000846, 43.71789881476185], [12.367377352818291, 43.71565219733094], [12.370040256306691, 43.713006088771756], [12.370094067469648, 43.71294917364114], [12.370632393796573, 43.7122204716121], [12.371033680424823, 43.71165845521521], [12.371106427190053, 43.71137818338639], [12.371354486805435, 43.70941266699546], [12.371320155287941, 43.70902204197614], [12.37042647712016, 43.70769344834638], [12.370102060175318, 43.707275373785336], [12.369479950756848, 43.70655547453059], [12.368579121284792, 43.7059833450618], [12.368006952929898, 43.70573913314146], [12.358236779451827, 43.70232661764742], [12.357324790356024, 43.70202482551905], [12.357241080812958, 43.70203991495287], [12.356907054408518, 43.702100127563035], [12.356699424461828, 43.702196430301804], [12.3564017997714, 43.702358068010106], [12.353639572985495, 43.704215987819396], [12.348789465658776, 43.70733975999513], [12.345696658609667, 43.70898800844047], [12.341772593034378, 43.708697790039004], [12.334838134506239, 43.70716742941079], [12.33448545778221, 43.70718667095226], [12.333163383625562, 43.70757195859414], [12.332138532290994, 43.70797100494485], [12.331786526937563, 43.70808931664167], [12.331433221949485, 43.708180655363776], [12.331076182182171, 43.708231580036134], [12.330488986095729, 43.7079651167976], [12.330309371029816, 43.707607941017464], [12.330116779814407, 43.70704414198259], [12.329359156241994, 43.701965922062044], [12.329355485285168, 43.7016059034066], [12.329353558082047, 43.70141688986856], [12.329356815911408, 43.70115570521056], [12.329362433492339, 43.70070538108504], [12.329364961873356, 43.700502731785896], [12.329704580132253, 43.69859765128573], [12.329737292010456, 43.69848437779358], [12.329885503012017, 43.697971154001834], [12.330089281815113, 43.69731391882535], [12.330101414096351, 43.6972761356334], [12.330572954955015, 43.69615717752818], [12.331344158320878, 43.69490352496872], [12.336244269595047, 43.67813153289437], [12.33619059668123, 43.67799801564328], [12.336046838896566, 43.67764171120909], [12.335827429063501, 43.67725235986977], [12.332619496050112, 43.67431637965774], [12.332261621596707, 43.674061232270695], [12.332219157188653, 43.674030957267185], [12.332106082957049, 43.67396311929076], [12.331847075301727, 43.673807731149715], [12.331469351411826, 43.67366576840055], [12.331169255625927, 43.673552980124434], [12.330832517546483, 43.67362125406517], [12.330786387765842, 43.673654179717865], [12.330545678834987, 43.673827755118516], [12.318875169649173, 43.677228616794046], [12.31571892099292, 43.67791910073668], [12.316870291247854, 43.679564763760325], [12.320404230586812, 43.687852866433005], [12.318702658281019, 43.69590632326076], [12.314015157195941, 43.700818751715175], [12.314709673805757, 43.7021985903164], [12.314768745605715, 43.708134491735215], [12.31395155861429, 43.71961028314701], [12.313688074867054, 43.72092578069239], [12.310809543832578, 43.725156466584586], [12.308318914177823, 43.73017681968407], [12.306158400165584, 43.72884841345231], [12.305606373161256, 43.72849076463638], [12.304816310506974, 43.727923927819276], [12.30412652387689, 43.7270930908161], [12.303842597896866, 43.72672767438083], [12.303544432326733, 43.726272637499505], [12.303269825548076, 43.72579441095421], [12.303103531312209, 43.72547960884232], [12.302793264951788, 43.72480434180351], [12.301519312654772, 43.721646127369475], [12.301132888537376, 43.720206008719856], [12.301104788713397, 43.719467840846875], [12.301512275548001, 43.71736873758862], [12.30156663451402, 43.71728501178212], [12.301833029776295, 43.71701749187672], [12.301906186648262, 43.71696080112198], [12.302010054685104, 43.71688067615778], [12.302262414269197, 43.716702536903966], [12.302410655764804, 43.716663014108946], [12.302616750199286, 43.71662342299795], [12.302690281331621, 43.716613451502305], [12.302726063361574, 43.716620614842945], [12.302772719738666, 43.7166299557186], [12.302963088470715, 43.716607645091536], [12.303194545838307, 43.71649966232878], [12.303378288927812, 43.716398687527345], [12.304193199161078, 43.715449905094296], [12.304230268586615, 43.71539044609904], [12.304356028377162, 43.71518872467517], [12.304615308278697, 43.71474006383576], [12.304772240246768, 43.71443391377699], [12.305096923851076, 43.713681751733276], [12.305264324749569, 43.71300277210039], [12.3052251808755, 43.710540421408], [12.30443626520922, 43.70482821181603], [12.30331303280562, 43.70048065036325], [12.305766701328102, 43.69793827367576], [12.30262073338239, 43.69521546334542], [12.298630810211714, 43.69012268666047], [12.295589819201872, 43.68666526751915], [12.293353927892822, 43.68461475662193], [12.285283536574823, 43.68041487210709], [12.280023015869222, 43.67790114526012], [12.27435380912045, 43.67663688894347], [12.271551455123205, 43.6765506099755], [12.262817227622824, 43.679726582677205], [12.26222298719335, 43.67997764602247], [12.261383167881936, 43.68050588543504], [12.245070548961223, 43.68147627235142], [12.248182071400047, 43.67748794640682], [12.248462426367556, 43.67716479036321], [12.250295867026127, 43.67501162700723], [12.250422354687654, 43.674862109423415], [12.25084117057772, 43.67412601495157], [12.250865039030748, 43.67406633925058], [12.25100519538516, 43.67371573032276], [12.25109566027492, 43.67332648194894], [12.251136694224318, 43.67293817271051], [12.251115128330042, 43.67279930157076], [12.251079622000463, 43.67257066426846], [12.250931971151154, 43.672133707849255], [12.250790152634039, 43.67180462437574], [12.250634695192836, 43.671449388019155], [12.249481557809409, 43.66893381407366], [12.249335646919478, 43.66871490828111], [12.249157641248729, 43.6684478508926], [12.24877718289355, 43.66795006152841], [12.248412663291077, 43.66757329149441], [12.248236019668713, 43.6674027520662], [12.233343891664248, 43.65649538079958], [12.231242355250675, 43.65513874634769], [12.226776647144856, 43.65277373812698], [12.221723001675247, 43.65108355174285], [12.22014035922848, 43.650705037092855], [12.219843539033272, 43.650677311228094], [12.218881744632581, 43.65058746589428], [12.212923099645385, 43.65022407845415], [12.208290045878456, 43.65088741032721], [12.197601069308151, 43.647953151503906], [12.188050183469423, 43.64272816190493], [12.185508575456431, 43.64182823694129], [12.185453631465167, 43.64110356415411], [12.185969851813784, 43.63937853044539], [12.187240149302868, 43.63633717026027], [12.188303836749608, 43.634757703856614], [12.18966730500061, 43.63288294756282], [12.189943415338895, 43.632713174829995], [12.199343274991708, 43.62811788338374], [12.203927297074848, 43.62621743619568], [12.209575802654891, 43.62126904526821], [12.212458528707645, 43.61420139319171], [12.213832684495852, 43.61088614381951], [12.212726248320042, 43.610228886205356], [12.20396606092012, 43.606427900060865], [12.199807964481156, 43.60324796295781], [12.196268539495454, 43.59929267567575], [12.19677172473678, 43.595006199424034], [12.189793160259777, 43.58661475611707], [12.180616382592671, 43.57799883940189], [12.175791101108935, 43.57254745262402], [12.172750718579563, 43.569569806225104], [12.168011515359849, 43.56513342610861], [12.164022642398379, 43.56252616116811], [12.16266220141282, 43.5613666660541], [12.158690129507544, 43.54979629334492], [12.15853536488045, 43.54679266876037], [12.156446206287395, 43.53860401643163], [12.154093907148473, 43.534627082272586], [12.153363504689437, 43.52904508692492], [12.15323667941088, 43.5287054407653], [12.149509024727761, 43.529737047704465], [12.149442633125766, 43.529767796814525], [12.14823711207382, 43.530330541168425], [12.147233402182986, 43.53081391571183], [12.144743546702854, 43.53252215235822], [12.14381449701589, 43.53328682948446], [12.143465916549701, 43.53366516226447], [12.143101129900463, 43.53406658473027], [12.118860016476232, 43.531169770407885], [12.107060087269206, 43.52982102739628], [12.1027280475681, 43.52993264432839], [12.095345906373415, 43.52179781263637], [12.092197863199658, 43.51460212791188], [12.091454890220426, 43.51289007799812], [12.091308882489214, 43.512532372485865], [12.091110751523615, 43.51202969065626], [12.090892289079704, 43.5112299378139], [12.0909117976251, 43.508691102045056], [12.09095314451296, 43.508432728168145], [12.090986447523198, 43.50822462108969], [12.091027538562082, 43.50802261657365], [12.091038555422818, 43.50798219756039], [12.091060589193203, 43.50790276588971], [12.09113533870532, 43.50768194328577], [12.091176333331564, 43.50338554455422], [12.091183697064142, 43.50330051970832], [12.091207799567252, 43.503023700171234], [12.091212843162442, 43.50296578310757], [12.091878846734826, 43.501786325067144], [12.091994204579338, 43.501651888774035], [12.092014387518542, 43.50162836798462], [12.09210420180787, 43.501523782040024], [12.09239195222516, 43.50119099336537], [12.09249953566006, 43.5010668033312], [12.092914602418732, 43.50072319978184], [12.093110415019304, 43.50058278352691], [12.09417498775632, 43.499820068346736], [12.09509482425908, 43.49916490986592], [12.095710338470482, 43.49885026221163], [12.095922543436568, 43.4987417828376], [12.096715513180358, 43.4985233270787], [12.097499379792946, 43.498307372558564], [12.099465427029056, 43.498055992223975], [12.099782926985917, 43.49804389260474], [12.10101731402157, 43.497996844623586], [12.10110712381392, 43.49799342154675], [12.104682017260172, 43.497040999349174], [12.108347334245584, 43.49570826969872], [12.115833852630688, 43.49239766287317], [12.128850502211627, 43.48613333336218], [12.141183939760401, 43.48185786575335], [12.144306657578023, 43.479841826203504], [12.144825776964026, 43.479574035121416], [12.144867284150127, 43.47927075776921], [12.144940976957624, 43.47868462588423], [12.144951195861704, 43.47859770201208], [12.145001031022217, 43.47817379196491], [12.144928676837498, 43.47743015984934], [12.144189074611926, 43.47341912923468], [12.143244515841328, 43.47029294184471], [12.141254182571435, 43.468968775569856], [12.13821329136645, 43.468448278723514], [12.134990663850767, 43.469171480206676], [12.124350162745962, 43.467318862694825], [12.109485257253763, 43.462556601095166], [12.108439958357751, 43.46217968710231], [12.10455231164047, 43.46058823248858], [12.103765125632851, 43.460050926798274], [12.10284915247079, 43.459040878729844], [12.10168995861983, 43.45772177729465], [12.09949580437747, 43.45436002151223], [12.09945525673666, 43.45418105227799], [12.099371222248902, 43.453809675416906], [12.099423092046218, 43.45328156736432], [12.099593576543299, 43.45237659231348], [12.100022599073192, 43.45143869535876], [12.096577378047577, 43.445648559985436], [12.087655332547897, 43.438155254092756], [12.087527211581124, 43.4380534475975], [12.082273937146278, 43.43457402601635], [12.081967408565875, 43.43439680359739], [12.081360097707675, 43.434045705504474], [12.08106522114308, 43.43399036608517], [12.080441228992242, 43.43387326205239], [12.080287761254503, 43.43384446538628], [12.077616560245014, 43.43375624157012], [12.076968915089942, 43.43384714555282], [12.07581570329083, 43.43401161102216], [12.074937814421654, 43.43434339918944], [12.072137553016924, 43.435328674833734], [12.069448789647419, 43.436098633514725], [12.066489344391883, 43.436910902692944], [12.062070337719673, 43.438047115174534], [12.062033390871083, 43.4380556748278], [12.061417812472467, 43.438198165865806], [12.060503150544202, 43.43840984874804], [12.060285505918364, 43.43843419321891], [12.059710217322532, 43.43849853779266], [12.059671229526304, 43.43850287639306], [12.059302585592787, 43.438543898625056], [12.057878922343455, 43.43849622026812], [12.056878587244679, 43.438253889261446], [12.05362569948043, 43.434938668885465], [12.052824163730076, 43.43247748910466], [12.050093130924921, 43.43011945163972], [12.043598128938534, 43.425972924776346], [12.039892850983009, 43.42561262831582], [12.03554407846371, 43.424938169970574], [12.033645978866284, 43.424502407143216], [12.033196745775214, 43.42426626064179], [12.032138194405109, 43.423709689118894], [12.03136418027713, 43.422964837829085], [12.029883146395775, 43.42146900178136], [12.02941301982381, 43.42094573989344], [12.02669752947864, 43.41763905963283], [12.025337641960052, 43.41575572125047], [12.025210449791935, 43.41557388429967], [12.025213802221488, 43.41541660849758], [12.025221476696556, 43.41506938640174], [12.026394870913512, 43.41181715027472], [12.027288129149754, 43.409576436297215], [12.027672623735363, 43.40873256648418], [12.030628973609076, 43.40350324280165], [12.033664382830379, 43.40023624860141], [12.042353473973659, 43.39988899126643], [12.052104621920465, 43.39831888519763], [12.05579400959786, 43.39908462790635], [12.06435506360195, 43.40283043726882], [12.065995218183662, 43.403494342979094], [12.066707328671368, 43.40374518070198], [12.067189151298527, 43.40391489634456], [12.067503421885013, 43.4040255918293], [12.068873050127044, 43.404493018608285], [12.069073791455308, 43.404553107772976], [12.0702255567282, 43.40489786112429], [12.070327089670293, 43.404911297929175], [12.07096070495525, 43.404995143846314], [12.072136021745651, 43.404549377648316], [12.07370251469067, 43.403810025616714], [12.073769811644636, 43.403777511554324], [12.077306100840424, 43.4021444599894], [12.07732186912739, 43.402108274322174], [12.077460144699092, 43.4017909315302], [12.077525938063303, 43.40147693565185], [12.077634212095308, 43.400749313534895], [12.077693935411123, 43.40023070947861], [12.077770158173594, 43.399443914613045], [12.077832742240385, 43.39868774673589], [12.077834137954344, 43.39830393097988], [12.077794060729518, 43.39804392882387], [12.077786827719715, 43.39799701800422], [12.077628828549674, 43.3974688552918], [12.07736048551068, 43.39679740796367], [12.077324534189604, 43.39677411755888], [12.07722359619201, 43.39670873203781], [12.076408478117845, 43.396061240797486], [12.075755144687395, 43.39514982457268], [12.07456263900819, 43.3929943314586], [12.074527509505732, 43.39292057825226], [12.07448623831857, 43.39283393039395], [12.074164623597326, 43.39215869079273], [12.074047733893414, 43.3918692182001], [12.074038481095155, 43.39184246316324], [12.073884237719325, 43.39139643011531], [12.073737578865304, 43.39097227083208], [12.073676579696734, 43.39078496315406], [12.073642163887698, 43.39067813775204], [12.07333160601348, 43.3896075323612], [12.07327298181577, 43.389405049579125], [12.073024275800133, 43.38756149434969], [12.072991158967117, 43.38691862701532], [12.072947742115142, 43.38600034584054], [12.072776498727443, 43.38125682415894], [12.073026257932668, 43.37041506723192], [12.07321673908954, 43.36980559587791], [12.073410103868529, 43.369259256568085], [12.073735933340899, 43.368595506427795], [12.075430760962865, 43.36703152459804], [12.075860609678445, 43.366671340216016], [12.075923029079451, 43.366622262305704], [12.076995860489424, 43.36583274881895], [12.077086636687033, 43.36578159568159], [12.077406416498317, 43.36560390635183], [12.077440022074349, 43.36559158177281], [12.080977262283195, 43.36554521156542], [12.088996167309258, 43.36624838313568], [12.096373300392383, 43.36873019606278], [12.09792662649774, 43.37013852974273], [12.099754946625412, 43.37175746931489], [12.099805334165106, 43.371790759504066], [12.100138343913434, 43.37201030687793], [12.100457947675835, 43.372220905381525], [12.101061620661838, 43.37261867929126], [12.102570269655933, 43.37245073963382], [12.103237736585625, 43.37223318030343], [12.103626453759578, 43.372098652270395], [12.108202133851794, 43.37034560367978], [12.10960682103339, 43.369792637982975], [12.110496907625603, 43.369422653932546], [12.110949258646485, 43.36923461965787], [12.111273199276159, 43.36909996104045], [12.111701359901764, 43.368841846446], [12.112352302429766, 43.36844941898491], [12.112447476694804, 43.36839204047077], [12.118769209677568, 43.36435900771241], [12.118871370155867, 43.364257446289194], [12.119417946364806, 43.36371406695597], [12.121218327190684, 43.36189945534465], [12.123964628566233, 43.3589529531316], [12.124363024901104, 43.35851438565347], [12.124782383031025, 43.358052734154], [12.124820125124096, 43.3580111851228], [12.125178653150513, 43.35759171260825], [12.125521417345707, 43.35719067586368], [12.12719805853343, 43.3551613944689], [12.12763195738726, 43.3546359607175], [12.127841840765814, 43.35438177592106], [12.127906494420852, 43.35430053175314], [12.128209874228558, 43.35390506692025], [12.128597794230709, 43.35339936936715], [12.128660338288014, 43.353314642260074], [12.129939839017123, 43.351528534894015], [12.130236257420812, 43.35108198348036], [12.13072981515061, 43.35031653732131], [12.133998761763293, 43.34462060032888], [12.135430090332148, 43.34065403235318], [12.136819036620135, 43.327204772451715], [12.134322356233726, 43.31624306802425], [12.131253390157546, 43.31208941766251], [12.126833807872334, 43.308175556579975], [12.126886517249346, 43.30399697544826], [12.131845409855577, 43.293977801823], [12.13191089840664, 43.293890053893634], [12.132488561192647, 43.29311603810304], [12.132602517968444, 43.2930373209121], [12.133834264124653, 43.29252135772187], [12.145441460528334, 43.288347310563786], [12.15297569952299, 43.286020844800575], [12.166308678757623, 43.28251215998178], [12.173014090140457, 43.281517887496115], [12.173808287681283, 43.28145312341953], [12.174020376829858, 43.28143591483582], [12.175515280730075, 43.2814461498463], [12.17563662411166, 43.28147279372069], [12.175797402997617, 43.28150814843438], [12.177041170594853, 43.281781891521824], [12.177151281364084, 43.281878105101775], [12.177262478485599, 43.281975269781675], [12.177310846684431, 43.282017784224756], [12.185219451115923, 43.294384524674804], [12.183162297454732, 43.300835326686325], [12.193819235801307, 43.313072812412614], [12.195082321335502, 43.3142239504759], [12.20114740599443, 43.309622293873964], [12.206122917725569, 43.304761890012266], [12.212779883273615, 43.30138945395036], [12.219688558599675, 43.29884408489244], [12.221601733701345, 43.2976997457454], [12.223708113502322, 43.296262862482116], [12.2237242271013, 43.29622136783775], [12.223889502739707, 43.295795749357396], [12.223615297235378, 43.29529358365913], [12.223439983962404, 43.29498157812993], [12.222907095433271, 43.29435979622743], [12.221882074986656, 43.29324457754468], [12.213371155693668, 43.28671409554466], [12.212648531099898, 43.285573236186465], [12.21152639107107, 43.2843148777056], [12.210063635522662, 43.2827279606869], [12.2086478031506, 43.281959808253895], [12.208285380200158, 43.28187570311058], [12.207067299114108, 43.28159613678281], [12.205200327787644, 43.28118381271094], [12.198710416064765, 43.27922872157553], [12.182157268019372, 43.273699352613995], [12.180506434685327, 43.27381678632749], [12.177242627350584, 43.27384441699961], [12.175735200656646, 43.2735450335886], [12.175529102980667, 43.27345351894863], [12.17521329057493, 43.27331325000696], [12.174705074068857, 43.27308752041104], [12.166982556866389, 43.26901474989401], [12.16643136443024, 43.26872396718873], [12.166348974664663, 43.26867074243276], [12.166150450338174, 43.268541954615266], [12.163862568034522, 43.26693416069975], [12.163789901249705, 43.26688308780244], [12.162110535229907, 43.26570269855422], [12.16208154098331, 43.265679184212075], [12.16187104283091, 43.265507710675905], [12.161660590184807, 43.26533459498718], [12.15458106241214, 43.25950979426159], [12.153651245512554, 43.258668939924476], [12.153192025879395, 43.258231455825964], [12.151868450501157, 43.256970485415394], [12.150922435219671, 43.256292656328036], [12.150581670073437, 43.25604858518705], [12.148771051405951, 43.254751688555466], [12.148311141264895, 43.25459567888875], [12.146618966369893, 43.25411907982176], [12.14212333381669, 43.25301564603875], [12.14056276491585, 43.252880515160626], [12.139265036718793, 43.252884062160234], [12.139059520494884, 43.252884665294495], [12.131131932996565, 43.25377388590107], [12.128635375792701, 43.254085754419776], [12.127413053875978, 43.254250051331745], [12.12591179352725, 43.254729816100664], [12.124850472128715, 43.25492395035938], [12.123478280840391, 43.25507453030995], [12.121822610421045, 43.25519400516217], [12.121547535239857, 43.2551079023223], [12.12105480227368, 43.25495341824381], [12.118287552105947, 43.25374322815073], [12.112044087799672, 43.25078938900687], [12.110694008989197, 43.24957754773369], [12.100856383445992, 43.24101139645793], [12.098753583499715, 43.24059110971063], [12.098042268623733, 43.24037533671423], [12.095872843367104, 43.239519778234246], [12.09432150399191, 43.23837251501394], [12.094837645624445, 43.23721196126742], [12.094641554172789, 43.23684586955411], [12.093746095286766, 43.23642890683187], [12.093005048625447, 43.23614284906081], [12.092683389607275, 43.23602484642793], [12.092365093357408, 43.235908076366236], [12.091511579442402, 43.23583214507178], [12.085921448752385, 43.236334310820546], [12.085298759528223, 43.23644119023571], [12.084923898923948, 43.23657737192109], [12.084647912478388, 43.236698828488265], [12.084357656854852, 43.23682672550144], [12.08335828470295, 43.23727689648409], [12.082968316107516, 43.23760254321317], [12.08284847030759, 43.23774509244651], [12.08257270167145, 43.23807391861434], [12.082532360697428, 43.238150605206954], [12.069827082302952, 43.244934259764044], [12.055659396156745, 43.249536706233776], [12.05455110441804, 43.250709967482656], [12.054052502421706, 43.251024781715635], [12.049598171055564, 43.2527715534452], [12.047820385944618, 43.25252399424062], [12.043988540094889, 43.25101864634483], [12.043466713065785, 43.25077808884043], [12.043323104361756, 43.25071184553164], [12.033837719901332, 43.246021252539485], [12.035230088767092, 43.24078477471103], [12.035290075644477, 43.24064600150707], [12.035385669096586, 43.2404249304078], [12.035458271255683, 43.24026027614822], [12.035659223009542, 43.23980473118727], [12.035672981429576, 43.23977354173194], [12.035806563955953, 43.23947099770112], [12.035877256682651, 43.239348778037765], [12.035964117093483, 43.239198608378715], [12.037025347581793, 43.237806360967], [12.038150583613447, 43.2367409841604], [12.039042257270626, 43.22884773343311], [12.035531045936464, 43.21723150752974], [12.030969030546528, 43.2066144084856], [12.027706828118196, 43.19537951660678], [12.026053385524794, 43.19034190108627], [12.023350465948946, 43.18726014097915], [12.021073791635617, 43.18581487646195], [12.019765278812853, 43.185200483006795], [12.018623013995276, 43.184084253212404], [12.010508123310814, 43.18170314648673], [12.006424276135117, 43.180525965915585], [12.006142243148895, 43.18049064497442], [12.004939541000883, 43.18034001453862], [12.00428336079585, 43.18027469752119], [12.003579826378314, 43.180204987219575], [12.001867986094966, 43.18015141891284], [11.996721540512505, 43.1803566187587], [11.987846050754765, 43.180832845741016], [11.97886098204105, 43.17610497711963], [11.974170411362941, 43.1723849173752], [11.973940442299085, 43.17197223380999], [11.973157594732971, 43.17092491680098], [11.972261597033201, 43.17035507855179], [11.971063266927613, 43.16959334229856], [11.970168825961904, 43.16917524415186], [11.96553671392322, 43.167712116564786], [11.963667352326643, 43.167212795202644], [11.962188592689856, 43.16695939802606], [11.961808920559237, 43.166937898988], [11.961636409345182, 43.16692813043698], [11.961339936659448, 43.16691256531268], [11.961246984682312, 43.166907685355675], [11.9480166426947, 43.162439299664236], [11.94033008932617, 43.159128809510136], [11.928744060333258, 43.15262330899769], [11.928586798960556, 43.15249838677288], [11.928023806496858, 43.152051079682664], [11.92796266472398, 43.15200096856223], [11.927762965325842, 43.151837078356635], [11.926754012475314, 43.15093165759291], [11.925712804617147, 43.14996290360049], [11.924981927584742, 43.14925338558564], [11.924029184452776, 43.14777835053108], [11.9223035946091, 43.141416092829296], [11.92204465556262, 43.13741948347374], [11.921810753678864, 43.13482014976976], [11.920424073942176, 43.13166776458305], [11.919711721184168, 43.13116754250871], [11.918853055977564, 43.130868803320865], [11.918038972659039, 43.130585571931796], [11.917634988547881, 43.130484560178196], [11.917070041000601, 43.13034329900934], [11.913251014395746, 43.12765843726588], [11.916071329037576, 43.12343789523781], [11.918985691281168, 43.12013989451102], [11.921928132441147, 43.11049804161602], [11.92499895217719, 43.10446307535604], [11.927503499490253, 43.10036324814686], [11.930407864755503, 43.09429612457123], [11.930519087301484, 43.09398314142769], [11.930729562552472, 43.093390849172714], [11.930924891343727, 43.09250301003154], [11.930948150286667, 43.0923972669832], [11.931110510098023, 43.091546561094034], [11.931214709698146, 43.09091645829575], [11.931005429607945, 43.08990976892359], [11.930829108549414, 43.08948590293192], [11.930614786185151, 43.089029690826436], [11.930050009071508, 43.08806991746869], [11.928051769578845, 43.08674855312388], [11.923135496075949, 43.0800357585703], [11.923751403463402, 43.07521592492989], [11.92541997874325, 43.074597083478324], [11.927659243468753, 43.07237457593178], [11.93245595363466, 43.06692429361126], [11.934730149718574, 43.061460761724625], [11.935819642071955, 43.05720502125457], [11.935926905775768, 43.056474512949436], [11.93596629621674, 43.056206301446885], [11.936067001191454, 43.055925074808876], [11.936380398740788, 43.05563071198292], [11.940071856503085, 43.05328252281622], [11.940830583020448, 43.05298406270347], [11.942030306507817, 43.053124091807916], [11.94223456988305, 43.05315936112248], [11.942495450632393, 43.05320666677607], [11.943131101466038, 43.053388412862596], [11.943447202610985, 43.0534995122867], [11.943501054775838, 43.05351844034306], [11.945649132223505, 43.054444132251476], [11.947211856780767, 43.055194148648006], [11.947840043481019, 43.05549623950155], [11.948179407693178, 43.05571256829608], [11.948703561438768, 43.05624769504363], [11.950630534760363, 43.059250372788], [11.9510653915486, 43.060589765362714], [11.950805613038503, 43.0610466801504], [11.950591647621774, 43.061657659338636], [11.95044922986053, 43.06206433133187], [11.95034784370103, 43.0624091023199], [11.950174417501286, 43.0629988445572], [11.950011306405978, 43.06367835935289], [11.950368557649007, 43.064405235061884], [11.951002210556636, 43.065206000222496], [11.951212578009766, 43.06543917474901], [11.951307104254408, 43.06553577892793], [11.951460214256336, 43.065692253112275], [11.95148970400614, 43.06572097872883], [11.951810827488694, 43.06597302553953], [11.952035204188483, 43.0661491196059], [11.952067251041115, 43.066174260222525], [11.955599022711928, 43.068360250728986], [11.956026775471601, 43.06850233278976], [11.9565888365665, 43.06867678500588], [11.956701864458191, 43.06866486079721], [11.957066731119617, 43.06862543851703], [11.957139725612809, 43.068617545810426], [11.961512357498222, 43.06787409341133], [11.962278581107853, 43.06771918412327], [11.962909517328015, 43.06754976453473], [11.964508565488897, 43.067103128480106], [11.964968985171279, 43.06695308608131], [11.965379094051311, 43.06681943672222], [11.966885803624074, 43.06623110292445], [11.972538175880654, 43.06401334906003], [11.972801523994804, 43.063843971010904], [11.973121738432168, 43.06363801549017], [11.973396273477865, 43.063444400429255], [11.973691745991907, 43.06323601721103], [11.976354831784649, 43.061138532985744], [11.977813515690373, 43.05985124941716], [11.978318207655962, 43.059369898899355], [11.978716074386332, 43.058972359375545], [11.980370079280117, 43.05711976804611], [11.980601139109464, 43.05681627552278], [11.980673060437336, 43.0566707194875], [11.980821982646829, 43.05636931546026], [11.982278261015997, 43.05141511563746], [11.982402941614378, 43.05094814641413], [11.982432764000828, 43.050560193024445], [11.982415087770613, 43.049966380014595], [11.982217545610643, 43.048877535989675], [11.98135884516302, 43.04685599783598], [11.981036935032272, 43.04616658287467], [11.980815445126892, 43.04577616906519], [11.980555180716419, 43.04544170629032], [11.980501249945085, 43.04537371061688], [11.98043652026111, 43.04529212276936], [11.980130925908849, 43.04490711696441], [11.979913018583465, 43.04463366489307], [11.979502912179331, 43.04436072229461], [11.979210646552188, 43.0442259312077], [11.979003788714166, 43.04413061259264], [11.978955074772664, 43.04410888236794], [11.978590933484417, 43.04394644832521], [11.97832673950957, 43.04382860339581], [11.977598491626535, 43.04349275939849], [11.976794237444508, 43.0429726029292], [11.976628441199232, 43.04282831864788], [11.976522115732042, 43.04273457250371], [11.976450491993148, 43.04266446294183], [11.976351010311058, 43.04256545112484], [11.976169197314134, 43.04237366643431], [11.976110026666092, 43.0423111084756], [11.975983646636509, 43.04216983658849], [11.97568201424085, 43.04176085345604], [11.975513881061541, 43.04149686192613], [11.975388525060467, 43.041298295217835], [11.974082473951105, 43.038955311848966], [11.97337468436934, 43.03757660538011], [11.972385752814892, 43.035339250974275], [11.971861115123385, 43.027479163890945], [11.971730489225893, 43.02282255145589], [11.971937437884598, 43.022299438527654], [11.971957327306079, 43.02195676092799], [11.971367964230351, 43.02067097555781], [11.971023137703211, 43.020000125760525], [11.970472370618477, 43.01897896387248], [11.969952979957613, 43.01808966935332], [11.96937167421861, 43.01721122740999], [11.968201946828573, 43.01550374039403], [11.965985641920955, 43.01134609256887], [11.964110699782568, 43.00654239436334], [11.962046789272106, 43.001179104944576], [11.960845264548949, 42.99686062269807], [11.958594364395864, 42.9899305455401], [11.956082814629976, 42.982861933770145], [11.954649319516504, 42.979508689520486], [11.954627364919407, 42.97946015918552], [11.954504114998057, 42.97918894742253], [11.954472786765976, 42.979121791683134], [11.954296038878688, 42.97874310018676], [11.9542212353225, 42.978629234994735], [11.954165880236301, 42.978544980331705], [11.9495172665871, 42.97652528599522], [11.949543701972878, 42.97644051782566], [11.949572945490763, 42.976344906315916], [11.949821294987474, 42.97553291301408], [11.94994243144148, 42.97513683932967], [11.950418710663534, 42.9725313458325], [11.95063030589661, 42.970559641210066], [11.950060221697045, 42.97012308698979], [11.949497734759703, 42.96994426327644], [11.949048322230407, 42.96903626475354], [11.948510091740278, 42.9672729954661], [11.948472738639731, 42.96336000968234], [11.948476003356365, 42.96264541736924], [11.948553546226202, 42.96196319024159], [11.949162411844751, 42.96086721164399], [11.95034127585746, 42.95885587014574], [11.950671595951416, 42.95832516532198], [11.951228710200812, 42.95767156334157], [11.951564165910208, 42.957370021269945], [11.95292249200423, 42.95469232720019], [11.952083971415801, 42.949698690525956], [11.951666575341777, 42.94840060544977], [11.951427817399088, 42.94807265610497], [11.948453439653951, 42.94467786775927], [11.945461465526174, 42.94162423941975], [11.93909623724309, 42.932516352959716], [11.937227986290958, 42.92126300922209], [11.933493825906721, 42.909914377576555], [11.93314818709236, 42.90928413551631], [11.932722791515818, 42.90849706256564], [11.932730913067301, 42.90844047984056], [11.932825068580598, 42.907784544583386], [11.932850460668178, 42.90760765027861], [11.933483969169117, 42.905418749036045], [11.93560673911948, 42.90399575190704], [11.935703728201839, 42.903949711293436], [11.936731290867197, 42.9034619216272], [11.93699676473416, 42.90337854768076], [11.93779290434969, 42.90312851043117], [11.93811311003743, 42.90310211066189], [11.938723125581468, 42.90305181549225], [11.939333141178599, 42.90300151706534], [11.939379327017432, 42.90299770904793], [11.94120935345349, 42.90293121620071], [11.95016200810304, 42.90158490578251], [11.952084228253106, 42.90098940594731], [11.956639898262642, 42.89384888714281], [11.958798290173082, 42.89156141659877], [11.958974319649428, 42.8821979141335], [11.958189894695806, 42.87672029535309], [11.95859411131263, 42.87432450044346], [11.959041894503425, 42.870587533797746], [11.957350144280175, 42.870099053115034], [11.951841295164332, 42.86996038212866], [11.944571898926736, 42.87155298672663], [11.941864972624327, 42.87125554213302], [11.936757474805752, 42.87042319676396], [11.933746401821415, 42.869711605279534], [11.933456746388197, 42.869476463768365], [11.93329773186595, 42.86934734098203], [11.931558946829433, 42.86979244769347], [11.93050200333985, 42.869720482260455], [11.928668138673833, 42.868917092089056], [11.926817677607573, 42.867730305433255], [11.926011299358905, 42.86718923335594], [11.925363934137236, 42.866224438599026], [11.923988944198502, 42.86340542558207], [11.920004306841818, 42.85679888339003], [11.91485244539705, 42.85216220150766], [11.909228388930286, 42.849147046812305], [11.904216569930627, 42.84773607669104], [11.893288648333082, 42.84390578121358], [11.893082055655105, 42.84377504835036], [11.892968521615131, 42.843703202173444], [11.89219065191006, 42.84311169831903], [11.891888767786366, 42.84288070697271], [11.893133474730675, 42.83907054941113], [11.894965120763246, 42.834669882566736], [11.894592608675033, 42.8342884024667], [11.894472833193436, 42.83425677102579], [11.894110836820154, 42.83416117270313], [11.893230887296593, 42.83404385620613], [11.89105766760253, 42.83388327013692], [11.889614211326736, 42.83416002586635], [11.887525479122386, 42.834854335677356], [11.867838172192556, 42.83477774859999], [11.861496992664284, 42.8355252121221], [11.856969501048068, 42.83652183045697], [11.847437642203165, 42.83765564177715], [11.84206519851089, 42.83258000428494], [11.83287055292987, 42.827414378508706], [11.82628181471299, 42.82610437498468], [11.822105530966184, 42.82599208238357], [11.815446794503753, 42.82376209629588], [11.814779192141927, 42.82344863859455], [11.814572587121535, 42.82335162512596], [11.81369934119374, 42.82267092908837], [11.813645047602899, 42.822558718920035], [11.813156796263756, 42.82154836899409], [11.813143925160594, 42.821521481862085], [11.813158882451637, 42.8199482102279], [11.813265460346441, 42.819594402974566], [11.81329639332446, 42.81949171465498], [11.814598990328353, 42.816057321751806], [11.814571282195642, 42.81461145829175], [11.813657468569826, 42.81193259334014], [11.810908463654984, 42.80691929818386], [11.811211951450003, 42.80613647547062], [11.811353371176628, 42.80577162741455], [11.811382031785708, 42.80568569331559], [11.811547158361119, 42.80519057893464], [11.811412393657637, 42.799634864949354], [11.810849792599878, 42.7984273469573], [11.809682964332831, 42.79697025888612], [11.8068502157086, 42.79485626120389], [11.80604498136825, 42.79506055058498], [11.80484359305249, 42.79567529594259], [11.80277309213707, 42.79829316573952], [11.803285564167808, 42.80119808626421], [11.79138351037759, 42.81214335842577], [11.78704236332532, 42.815285081478365], [11.775874034047321, 42.820673629179346], [11.77580151566788, 42.82069186683938], [11.775594631173508, 42.82074389396554], [11.775259790688155, 42.820828097413106], [11.774589058713284, 42.820987347613155], [11.774240115214909, 42.821070176502026], [11.769066694827945, 42.820188011153434], [11.76850476792141, 42.81995834718679], [11.768937282378053, 42.816424251617114], [11.768878911646683, 42.816264935368075], [11.768864993241907, 42.816226955054155], [11.768565493180565, 42.815409746012065], [11.764621654633624, 42.81191552333031], [11.75803478830578, 42.807634625644695], [11.753349305397183, 42.802236015438744], [11.752993319576639, 42.80157581150019], [11.75292369795736, 42.801442973215885], [11.75198108275425, 42.798354131118636], [11.750322376197879, 42.79186213248586], [11.750206739854844, 42.79140735892066], [11.75009519788743, 42.79096879234522], [11.750059093414183, 42.790826887496756], [11.749966508272937, 42.790463143685834], [11.74969707359625, 42.78987355839094], [11.749553036640458, 42.78956128095122], [11.749321003031554, 42.789058318080954], [11.74875922125663, 42.78829743573865], [11.748683801438961, 42.788195507975026], [11.74601785992857, 42.7857596544892], [11.750204152077599, 42.783430785236405], [11.75705907917231, 42.78208947499992], [11.762024543703156, 42.77959781363008], [11.76282255915034, 42.779854663076], [11.763250299610247, 42.77967766316603], [11.764107185105965, 42.77926162967133], [11.76416352567357, 42.77922309049847], [11.764191888338473, 42.77920352990781], [11.764482545847514, 42.779002475256966], [11.76452663930407, 42.778971495796675], [11.766664229152376, 42.77593246812678], [11.77694280283969, 42.76699654860786], [11.780318316926381, 42.76234027205206], [11.779742615850214, 42.76175546107522], [11.77966672806834, 42.76165160273898], [11.77946926900293, 42.76138136251176], [11.77909667993718, 42.76067708214157], [11.779001549440572, 42.760427272715546], [11.778965761804322, 42.76026170026157], [11.778939653152783, 42.760140812333795], [11.778940102617298, 42.759863934338334], [11.778984025812415, 42.75920326250382], [11.779030903557697, 42.75885094629984], [11.77910693194851, 42.75832249575359], [11.77941952196435, 42.758017663939654], [11.783915385207575, 42.75718785313377], [11.78881371531221, 42.75641504293454], [11.793609017200964, 42.755974541525894], [11.800357346351522, 42.75497964901841], [11.806955271321304, 42.75357224617404], [11.80864374370872, 42.75317244861734], [11.811830149050346, 42.75074685777494], [11.812502659046162, 42.74994578974206], [11.813083902401408, 42.748852091490996], [11.813335109924388, 42.74791395134965], [11.813258206581812, 42.7475646643827], [11.813203399437684, 42.746883902587264], [11.813210252782962, 42.74681404643918], [11.813247175506037, 42.74650240184665], [11.813306042014727, 42.74617940322278], [11.813440401141161, 42.745921360218], [11.813691248369995, 42.745771108139465], [11.814334664296041, 42.745504462903206], [11.814898037230797, 42.74546464098997], [11.815199255304995, 42.74544712368996], [11.815507252208603, 42.7454293028483], [11.816193093739104, 42.74546645667751], [11.816719912996948, 42.74550751157902], [11.81865835467126, 42.74577193936748], [11.819159920730124, 42.74566803990372], [11.81948605185553, 42.74542588963356], [11.819577346823452, 42.74502293288924], [11.819497510219852, 42.74459496347284], [11.819420923957983, 42.74425240377244], [11.819097261268363, 42.74330138779915], [11.818944108716895, 42.74290413326728], [11.812508117783436, 42.73557552847171], [11.808809051484658, 42.731303666725914], [11.80849496338815, 42.730192536245326], [11.80491938625165, 42.71763326521902], [11.801555697526368, 42.707191578337714], [11.800554567527966, 42.7070230042486], [11.798577734220434, 42.706701037262846], [11.798021805891302, 42.706625777671356], [11.797792417587365, 42.706594782235264], [11.797080992179707, 42.706513122216926], [11.796390764146881, 42.706529987738875], [11.795781550544245, 42.70654937246851], [11.784942630512608, 42.70702827635845], [11.78470593521251, 42.70704071886215], [11.784160502732933, 42.70707128906137], [11.782176429568077, 42.70733565074699], [11.781442408587939, 42.70745704267993], [11.779960389623549, 42.705345322463195], [11.782079629642357, 42.700832158978066], [11.785423660655443, 42.687459180487785], [11.784286616442921, 42.67952306088446], [11.785159040657385, 42.67219249662077], [11.786191004757594, 42.670593754768646], [11.794156288433081, 42.66922704533023], [11.79993850077995, 42.66845235461018], [11.801782714659522, 42.66697207696333], [11.80664184966526, 42.66217890701428], [11.808407118160268, 42.65975116362553], [11.80871283326313, 42.65918807874292], [11.808941181739822, 42.65866675014054], [11.80903768688334, 42.65826613055792], [11.809265549917752, 42.65725652168115], [11.809347270125915, 42.65684480161193], [11.809420572803237, 42.65634775120186], [11.809456347911754, 42.655847111327084], [11.80946617130116, 42.65539663801418], [11.80945599667187, 42.65438386855021], [11.809436316690144, 42.654153866352615], [11.809413323077296, 42.653885153067996], [11.809357659746158, 42.653357544973936], [11.809282467739955, 42.65295188279685], [11.807863521265254, 42.650037671834255], [11.804776157679273, 42.643999159210196], [11.796445530153486, 42.64349014167658], [11.79533095268718, 42.64235726173031], [11.794988378238763, 42.64206198440565], [11.79415287657521, 42.641371674288145], [11.793827992836206, 42.64119906477706], [11.791846078709034, 42.64023616841119], [11.79151400725202, 42.64013170360533], [11.791107340857394, 42.64003806862003], [11.790850069313922, 42.639980702739315], [11.79064517819264, 42.639935056821585], [11.79023304773712, 42.63984329974018], [11.789497907614784, 42.63976452930764], [11.78869192187043, 42.63972774215397], [11.78813003422877, 42.63972567608361], [11.7876519530707, 42.639663024625335], [11.787158204799134, 42.63953097737886], [11.78657347239734, 42.6392673985942], [11.784567504064595, 42.6379821889954], [11.78432647737701, 42.63779618254219], [11.7841376582428, 42.63765046375447], [11.782057215827273, 42.63582355993815], [11.781411356845672, 42.635244950819626], [11.780886173733109, 42.63468291084056], [11.774458869919991, 42.63528084833563], [11.768187950595918, 42.636616841897485], [11.75863324668436, 42.638348964123466], [11.75425069144585, 42.639006038332454], [11.74975657852777, 42.63964887022539], [11.74978974690476, 42.637607678481494], [11.750120705909074, 42.63564977227588], [11.750222256417048, 42.63526463150851], [11.750336193537986, 42.634994356289106], [11.751830313557972, 42.62559542856614], [11.751810735347807, 42.625559105538706], [11.75082769225612, 42.62373531010445], [11.750442718672327, 42.6230475830849], [11.748943015827537, 42.621451642195304], [11.747912933694142, 42.62083959300146], [11.744301034315422, 42.61828927247768], [11.738501580833475, 42.61327688347783], [11.73593924087869, 42.60989976969474], [11.736303984547435, 42.60701260040539], [11.73597409595439, 42.60666401889361], [11.734422268007163, 42.60631087776345], [11.733620594943968, 42.60614020376177], [11.733129579825617, 42.60606187741], [11.730977358965927, 42.60590612352623], [11.729892811415604, 42.605913985776446], [11.729343492811386, 42.60596776207066], [11.729293474537416, 42.605972685187496], [11.729216030572909, 42.60598088158473], [11.729012160849434, 42.60600251469324], [11.727945180996931, 42.60619453004521], [11.727410248256502, 42.60637359169482], [11.727147422534049, 42.606533211468935], [11.726812031219604, 42.607156178900524], [11.726726471736121, 42.607554294801986], [11.726650181564231, 42.60790927727668], [11.726621839522757, 42.60862132594599], [11.72664275186159, 42.60917912006935], [11.726714748066023, 42.60974695895008], [11.72678569002184, 42.6103328361304], [11.72676748846917, 42.61080601389865], [11.725990352251971, 42.61092763422324], [11.722269300300384, 42.611088654484], [11.719350943562734, 42.6109373997693], [11.710291878922865, 42.610022117493926], [11.70852819361178, 42.60753725510672], [11.70401473408533, 42.60409940658865], [11.700422388008402, 42.60137389221306], [11.69909838829015, 42.60084504423439], [11.69779518293811, 42.60039052488713], [11.696624073040136, 42.60021044649466], [11.691932323499898, 42.59951445981438], [11.683188538974788, 42.59664907295819], [11.67985146801979, 42.59524602816589], [11.681205827331095, 42.592697382028376], [11.68328197356718, 42.59017533126369], [11.68459748459217, 42.58787236897321], [11.685604811178889, 42.58584066555308], [11.68577997134707, 42.58483210737922], [11.681735352898038, 42.58181166254799], [11.679607488420807, 42.5804551314072], [11.676314761519695, 42.57890836540202], [11.668194412931433, 42.576103770495266], [11.667158769336869, 42.57609243335234], [11.666415466932033, 42.576149346195805], [11.665956837565641, 42.576202527833246], [11.665479968855674, 42.57643264400266], [11.665427956867964, 42.57645545488893], [11.665132614152741, 42.57658473989251], [11.665033604728531, 42.576626045617076], [11.664594005166379, 42.57680895582776], [11.662611690218156, 42.57697553141791], [11.65841752085793, 42.57704482667137], [11.655756882584955, 42.575280828655586], [11.652960005163028, 42.57182389991627], [11.647734362442243, 42.56882311516653], [11.64603426961774, 42.56786665770336], [11.643761703181951, 42.5666996891223], [11.63711293765447, 42.56524809033006], [11.633287561073542, 42.56638513551995], [11.633186834070427, 42.56708629752009], [11.632799471124265, 42.56782819074947], [11.63264061355016, 42.568121090384054], [11.632393642626127, 42.56831474489113], [11.630834373047579, 42.56919708039102], [11.630194794610073, 42.56948100428126], [11.630021496755337, 42.569557933928024], [11.628713173673521, 42.56973430900187], [11.62827362039984, 42.56972699966078], [11.62803084259643, 42.56972295645796], [11.627493805693074, 42.56970819660976], [11.627440114050021, 42.56970026879087], [11.627101480894632, 42.569649449627285], [11.627055453928683, 42.569639527676024], [11.626972317651454, 42.56962136026516], [11.626107332769408, 42.56942941024562], [11.626020978038111, 42.56940633081003], [11.625765678645852, 42.569338048551835], [11.625478977456089, 42.56925246681475], [11.625021159047694, 42.569090969370734], [11.624126391907264, 42.56835596954385], [11.619976641715821, 42.56429973761717], [11.61723129172471, 42.561471952340625], [11.615006354469179, 42.55799285708101], [11.61446055040031, 42.55744702138306], [11.61401258122285, 42.55723360437537], [11.61388560519883, 42.557323592717346], [11.61372905294967, 42.5574345433211], [11.612783762390846, 42.55812914433374], [11.611958511209165, 42.55878525157728], [11.611675737024406, 42.559014389842126], [11.609778399450992, 42.56055246460303], [11.609231756442675, 42.56117275315593], [11.608920050021382, 42.56158507111476], [11.608774991982374, 42.56220521762137], [11.608678760626425, 42.562819505949314], [11.608703427297895, 42.56323247129244], [11.60871300036406, 42.563390302184416], [11.608490715370364, 42.564812047150475], [11.608271064071653, 42.56597627846897], [11.607246547103282, 42.56679563266702], [11.605181650507038, 42.567867365026494], [11.604754883214989, 42.56802464533914], [11.604595035536342, 42.56808355476274], [11.604140408908977, 42.56821681627317], [11.603836560272363, 42.56830587927041], [11.59871555544907, 42.56965871054011], [11.589243629522974, 42.57140128897914], [11.580241436987567, 42.56798795583598], [11.578717721979586, 42.56719940139655], [11.57855719816654, 42.56621097371801], [11.58057932799355, 42.560118786026734], [11.582399931121422, 42.54940151079868], [11.586889074797437, 42.5453355458031], [11.58584315756647, 42.54176188823665], [11.577752811125695, 42.54002174142993], [11.570117917026293, 42.53448871067382], [11.567919964825313, 42.53221023229739], [11.564939812855652, 42.52710826384851], [11.560857026110689, 42.5170281357544], [11.562110762249196, 42.51485943430758], [11.566106010787319, 42.511809575754114], [11.571270582223292, 42.51031190767382], [11.574514354057978, 42.510778918227494], [11.578456240521716, 42.509564616130696], [11.578626009466923, 42.50950675902172], [11.578803964073723, 42.5094461112835], [11.578852331104377, 42.509429627157154], [11.579320272616533, 42.50926600349082], [11.579752426667751, 42.5091141954205], [11.580230002877288, 42.50890748063898], [11.580541319969065, 42.508770242547236], [11.583631306277049, 42.50714270620559], [11.58442147080383, 42.50667462898997], [11.585943687405322, 42.505495790891366], [11.586312629018302, 42.505191199847324], [11.586642113031562, 42.50487302944012], [11.586854844420406, 42.50462255767146], [11.587061186337747, 42.50431876228895], [11.58713158658002, 42.50404908416916], [11.587113180047714, 42.50366702620069], [11.587066762119191, 42.50346419743475], [11.587027948935186, 42.50329533595515], [11.58691590789275, 42.503016318042775], [11.586842120791705, 42.502833484445745], [11.586662353989357, 42.502459412128324], [11.586511824398922, 42.502195382068464], [11.586460422272399, 42.50211874185668], [11.586158653943178, 42.50168556441768], [11.585557119129339, 42.50092494793431], [11.592827020304412, 42.49536578833898], [11.599270559062314, 42.494557756056565], [11.605938048677004, 42.49349905187527], [11.606133059127309, 42.49346085737838], [11.606614328355782, 42.49336659494328], [11.608782578616163, 42.49280723407821], [11.608908139978166, 42.492765901683626], [11.609392517192868, 42.4926009418055], [11.612594443721854, 42.49090029262405], [11.616172167898888, 42.48862647498215], [11.616294307326003, 42.488481490573264], [11.616598701640292, 42.48798356916832], [11.616849832428077, 42.48750745128704], [11.616052121914972, 42.48612752306247], [11.615934630155392, 42.48564392948395], [11.615935480943248, 42.48509910806443], [11.616038903727837, 42.48444855756836], [11.616208589832604, 42.483929246966554], [11.61643849143766, 42.48335206454241], [11.616525469651005, 42.483181417151236], [11.616705336523765, 42.482828839758206], [11.617904967005417, 42.480700192467104], [11.619428343185234, 42.47725697577766], [11.619447546276026, 42.47720651071904], [11.61962018490543, 42.47675280753308], [11.61978239827029, 42.476258327109996], [11.619901675459527, 42.475771512122755], [11.619993270291909, 42.475168440722776], [11.620004494864379, 42.47503996068538], [11.620032250728977, 42.474721759954704], [11.620032673302292, 42.47423098259996], [11.620020725102483, 42.47380802267195], [11.619976409870073, 42.47356576057799], [11.619949608634752, 42.473450499890056], [11.619900187015265, 42.47329233771948], [11.619857312824443, 42.47317361929233], [11.619750751405464, 42.47290733698752], [11.617816661427211, 42.46915780372817], [11.615966856713047, 42.46666154646006], [11.61573786315155, 42.461164324018995], [11.616343707848364, 42.45502655729447], [11.617500165608751, 42.445087127799944], [11.617555201485965, 42.445009803068665], [11.617872265459136, 42.444448813880825], [11.617971440732505, 42.44422834973413], [11.618095283407424, 42.44395304787069], [11.618337417706393, 42.44335099920653], [11.619169806879578, 42.44079705131077], [11.619178315948693, 42.44059874231699], [11.61918788821225, 42.44037565303179], [11.61919740564354, 42.439909420436464], [11.619131711215621, 42.43954849433289], [11.61911905750431, 42.43947897505426], [11.618099306681287, 42.436760245363], [11.617709304356001, 42.43604425110956], [11.614109153447652, 42.43627054956602], [11.606323141648833, 42.43647048322684], [11.595104200237463, 42.436470802195345], [11.585546662592176, 42.43679570932676], [11.582347780122802, 42.43701021484947], [11.575658895953737, 42.43748375406725], [11.574547175926801, 42.43758716641625], [11.572356396940132, 42.43810727103634], [11.565772341956594, 42.439360301702074], [11.555984350019086, 42.43878893075849], [11.555569572224714, 42.438773624967205], [11.555184951533276, 42.43875969998266], [11.555145723383992, 42.438758336297354], [11.554943789180038, 42.43876116714165], [11.554520788376223, 42.43876754527667], [11.550992909080033, 42.439584560886956], [11.548258832143421, 42.44039735450155], [11.548103541794204, 42.44060342866926], [11.547844858529784, 42.440845943568974], [11.54756410963666, 42.441101699919145], [11.54743126774827, 42.44121461889434], [11.547340897380035, 42.441291434413074], [11.546223856854878, 42.441628915481935], [11.545897620740675, 42.44171742450635], [11.544279816886482, 42.44215569363881], [11.543511318154492, 42.44211478359435], [11.539079773356754, 42.44060117905876], [11.526562133900043, 42.43622484219714], [11.52166981973719, 42.434144028225404], [11.521587580703395, 42.43406718983505], [11.520835463562575, 42.43393705167503], [11.518129588374514, 42.43358496834801], [11.51570312054908, 42.43389214856517], [11.511354588387109, 42.43478930810406], [11.508364147469363, 42.43561484656712], [11.505651404304233, 42.43642495635883], [11.497447073712031, 42.43859874745873], [11.488888402081715, 42.43937035650826], [11.488603569120459, 42.43922124611708], [11.488447589471802, 42.439136787781834], [11.486703935984115, 42.43800376032182], [11.481909018541169, 42.43449278318311], [11.481343709088987, 42.43403644993495], [11.48114562708901, 42.43376022681674], [11.481032194157057, 42.433601882760456], [11.48105051704862, 42.42731550737347], [11.481433972389745, 42.42268344070563], [11.481519365823484, 42.422341684158894], [11.481625292556888, 42.42197690394151], [11.481757984024647, 42.42165434478334], [11.48189159864898, 42.42136254084086], [11.481993825466786, 42.421140437341606], [11.48009377546291, 42.41802456097307], [11.476852938151673, 42.41404756917091], [11.473314018625619, 42.4114867302573], [11.467189624922112, 42.4077516593705], [11.462182736721187, 42.40469855260171], [11.456697043056193, 42.40114937665365], [11.450807831843118, 42.395047803425115], [11.451817206672656, 42.38997807566608], [11.453667797855006, 42.38527977311408], [11.44985198639534, 42.37754018126047], [11.449059071908769, 42.377815438173485], [11.441740568595522, 42.380095211609685], [11.439338518081115, 42.38079700367924], [11.43602907272772, 42.381749925572464], [11.419466858304975, 42.386400856524425], [11.41760038012473, 42.38690627525889], [11.404487093919249, 42.390165203919196], [11.399479426522182, 42.39137107514213], [11.390399894920847, 42.39340725384748], [11.381135424556605, 42.395387385267796], [11.36889563859849, 42.397761430154056], [11.364422378384443, 42.39859704113891], [11.361871321965678, 42.39906852890691], [11.355619027046863, 42.40011249994065], [11.34833525261625, 42.4013189121288], [11.341431037675513, 42.402304455602014], [11.324369676891106, 42.404635253312], [11.319539245583119, 42.40516913379369], [11.315680067373371, 42.40558115660743], [11.314954460749659, 42.40575791449099], [11.311674956451833, 42.40629015095572], [11.30409720311522, 42.407496405506876], [11.303643832303957, 42.407559552790524], [11.301681092576109, 42.40780161704635], [11.301084874107033, 42.4078631218877], [11.298194949749297, 42.40815217770369], [11.29523592558352, 42.408336147430816], [11.294668245702422, 42.40834751861791], [11.294232251632799, 42.40830446858336], [11.293914240683051, 42.40824779908509], [11.293612312671883, 42.4081322719121], [11.293400145754104, 42.407978926784814], [11.293234748746103, 42.40769181701156], [11.289860227968019, 42.40545395245513], [11.282964433034447, 42.40679376504131], [11.280322605914478, 42.40850109581494], [11.279605274088796, 42.409496946606716], [11.279008057573797, 42.413054660631666], [11.278959255333659, 42.413636471793666], [11.279124176013147, 42.4143311015206], [11.27917346613824, 42.41544002271082], [11.279167210209271, 42.4158543900796], [11.279116615671574, 42.4160512612478], [11.278780091716268, 42.41674235656893], [11.278586652590752, 42.41685426703844], [11.27772790495688, 42.417220300205926], [11.277380432548174, 42.41735778403157], [11.275472633089016, 42.41795401700081], [11.275054585350452, 42.41807263331901], [11.274182293789819, 42.418317333850574], [11.27325732274712, 42.418533806433665], [11.270474458612155, 42.41904825660027], [11.27026904753268, 42.41908159339928], [11.269645926174967, 42.419159227336436], [11.26861132749527, 42.419285529966174], [11.267351632540825, 42.4194050202895], [11.267124476362463, 42.41942527462262], [11.2661882834166, 42.419500078699095], [11.262127261701373, 42.419708655996374], [11.260229644219338, 42.41974672326308], [11.258953398763403, 42.419746510664396], [11.258165098169412, 42.41974055483848], [11.256357293199754, 42.419712115744915], [11.254982282727761, 42.41966714337167], [11.25265638844865, 42.41954179605705], [11.24956801466407, 42.419251267631346], [11.244724367264695, 42.41864610336602], [11.243533783085432, 42.41848931642412], [11.242479838112471, 42.418329842908484], [11.238878878776697, 42.4177203637653], [11.237854519460663, 42.41753775597977], [11.234241669038019, 42.416802082964736], [11.227234250815478, 42.415143881664136], [11.221663772000465, 42.41365087887237], [11.218343657801972, 42.41250481564098], [11.2151359796996, 42.41126117768029], [11.212459717223439, 42.41013108748437], [11.211236688376045, 42.40936365596637], [11.21024986725909, 42.40855677176367], [11.209258217958775, 42.404293440138126], [11.20554071704802, 42.40235547189031], [11.205531456800049, 42.40131102960127], [11.206629971570033, 42.40101971958922], [11.209223166359267, 42.400474457745084], [11.211859704127368, 42.4018554436669], [11.210944782200688, 42.39762289694672], [11.209612993460658, 42.39567495984202], [11.207248382390468, 42.394920187707996], [11.211231178554721, 42.3919189111204], [11.21294860319697, 42.391181116495915], [11.21300061457729, 42.39110755079456], [11.213120961968928, 42.39072751990058], [11.213169898321468, 42.39056447792096], [11.21335281822562, 42.38980418613796], [11.213446185471195, 42.38935242359668], [11.213396351660341, 42.38888510822744], [11.213248580571817, 42.388482720673856], [11.212825134369554, 42.387581357809125], [11.21270588728183, 42.387385542729746], [11.212516838400663, 42.38719107526855], [11.206849801611169, 42.38476084330206], [11.206254582526512, 42.38450898104038], [11.20029245454072, 42.382041243821924], [11.199536625210724, 42.38187632212742], [11.198351322998537, 42.38193441337347], [11.196925382002107, 42.38204284018224], [11.191957396610466, 42.37935525422856], [11.188699915359079, 42.37466325681457], [11.18826755047779, 42.37331111654495], [11.188137825152626, 42.37201712048875], [11.189861607631698, 42.36474765647702], [11.186671753670584, 42.36372381186599], [11.181462938733022, 42.36339082394228], [11.180318227053897, 42.36540280382235], [11.178842730988487, 42.36672200203606], [11.176118953879477, 42.36825648399335], [11.166166678888183, 42.368014832249926], [11.165707842810878, 42.368003242786095], [11.16482530534234, 42.367765514311344], [11.164336006156827, 42.36741364246415], [11.160221766723783, 42.36437179142321], [11.159031162428219, 42.362937601461134], [11.157725197969945, 42.362122442867566], [11.157140896296948, 42.361991606820936], [11.154158635471351, 42.36142407770821], [11.152900734668156, 42.36119337185019], [11.152022266135456, 42.36233549054329], [11.150829721650316, 42.36405144366904], [11.150555716148585, 42.36455133899446], [11.15022368965951, 42.36576429612787], [11.150176070815224, 42.366251732322944], [11.151043177902151, 42.36794785172256], [11.151623162150932, 42.36905202430079], [11.15089552133595, 42.370893417468224], [11.142809007136588, 42.37644852488161], [11.139976609816458, 42.377717183220035], [11.137190096585611, 42.378372547275546], [11.130559094909218, 42.38351203832988], [11.12733770713063, 42.38568815741161], [11.126098554394334, 42.38640457100352], [11.117143374084883, 42.39003745267577], [11.115414810370913, 42.390204456276294], [11.112022403116153, 42.3895101879051], [11.105464678591238, 42.391000640793614], [11.09806825831378, 42.393252006463456], [11.096563198266523, 42.395330041561095], [11.093818888547606, 42.402650328170395], [11.09047956980864, 42.40893403005259], [11.091540360063794, 42.41205755374811], [11.09119932496567, 42.414954942118285], [11.0887635888245, 42.42135914908491], [11.08855535280337, 42.42725847642261], [11.0908058755674, 42.428992068691265], [11.097410276394175, 42.435391246796556], [11.100759399708226, 42.44148005536198], [11.103529541174591, 42.44659878702412], [11.104357392657628, 42.44714151561679], [11.105205933567834, 42.44754957829169], [11.106023742925721, 42.44767282884041], [11.107196663749, 42.447810158274656], [11.107757184923189, 42.44775482199159], [11.110513647588458, 42.44719077454528], [11.112431667381449, 42.44664219978263], [11.11412558259748, 42.44449472124186], [11.114588613507003, 42.44389182395425], [11.120061289303509, 42.437081645316525], [11.121083102656883, 42.43592806028621], [11.12163621517653, 42.435386504493216], [11.122354852877992, 42.43470679970415], [11.122582120229511, 42.43459677700489], [11.122929970783996, 42.4345475567809], [11.123305307699397, 42.43450232885464], [11.124028733061955, 42.434774839861035], [11.124311511698487, 42.434958704932605], [11.124566656472595, 42.435224129558605], [11.125346400946695, 42.43617324005749], [11.131251807179018, 42.438774141274976], [11.132044634475355, 42.43902954079165], [11.132114802300165, 42.43903724049834], [11.132384821803974, 42.43893315690407], [11.135685104034927, 42.43757491914545], [11.137569706723513, 42.43579273935634], [11.147652597751248, 42.43512690280599], [11.147672395860445, 42.43526161099207], [11.147690349503524, 42.43534232311311], [11.147736906170838, 42.435548572948], [11.14803971087242, 42.436227300965], [11.148093805276817, 42.43629832914733], [11.148261243940077, 42.4364843024617], [11.148411958755158, 42.43662556119171], [11.148496429289624, 42.43669602049579], [11.148654719476522, 42.436792110732746], [11.148802975047687, 42.43686137273103], [11.149033240098953, 42.43692909637347], [11.149106753516357, 42.43694572831827], [11.149237361428966, 42.43694327844365], [11.149367969325302, 42.43694082842031], [11.149707234764819, 42.43690744736708], [11.152435427394815, 42.436252869815576], [11.155450485844895, 42.434836384621775], [11.156852611722144, 42.4340221280519], [11.157687696232085, 42.43404472572288], [11.158319803294127, 42.434131878841946], [11.160244627992746, 42.434426549153116], [11.160686322219851, 42.43454429436605], [11.16305988782856, 42.43558443091983], [11.163693156313037, 42.43598913104525], [11.166126634776141, 42.43763615030556], [11.16652627759443, 42.43794378013166], [11.166782182661821, 42.438168702662175], [11.167015207189044, 42.4383735133593], [11.167426764149793, 42.43876196314836], [11.16841482055244, 42.43970861396971], [11.168618053916056, 42.4399033281545], [11.169058443920509, 42.44033400085902], [11.169736207384732, 42.441037089766], [11.17110805532218, 42.44247446471455], [11.171703849222386, 42.44317909482047], [11.172385484144492, 42.44399240914199], [11.172791341916254, 42.4444777540421], [11.173990425443892, 42.44600422484796], [11.174171502291419, 42.44624411858887], [11.17615493581485, 42.44898025315044], [11.177985355668472, 42.45181733611549], [11.178614807557665, 42.452796616132154], [11.178892029409443, 42.453274374019124], [11.179928195936581, 42.455153182145644], [11.181576000619208, 42.458323099626554], [11.18266305068889, 42.460553714738786], [11.18369855604409, 42.46286634821559], [11.184321873074706, 42.464312134351594], [11.184396692198922, 42.464492750898394], [11.184539757158964, 42.464845818844346], [11.184609199309651, 42.46501780257611], [11.184812153422731, 42.46552428145396], [11.186051129599726, 42.468877264693376], [11.186826849364575, 42.47115456087572], [11.18739071277929, 42.47307091983427], [11.188145769684708, 42.47566514613769], [11.189197817753497, 42.479790340877116], [11.189954402720707, 42.48304478473547], [11.190706634133415, 42.48716829066709], [11.190958104004963, 42.48870787887245], [11.191047707194205, 42.48944459423083], [11.191243444856617, 42.491478285005904], [11.19136368241486, 42.49274347096797], [11.19207083501031, 42.50134565095842], [11.192078339155884, 42.50562297409365], [11.192043294628315, 42.50653542184484], [11.191988936570613, 42.50759376533783], [11.1918948705049, 42.50890078569144], [11.19184252798303, 42.50958304494504], [11.191469618652333, 42.51310446125225], [11.191388433081219, 42.51356925846202], [11.191123009439295, 42.51494139978188], [11.1909861666833, 42.51547528345709], [11.190908688639828, 42.515767061187425], [11.190508791613883, 42.517055041071174], [11.189384672792613, 42.519886992677435], [11.187872192809522, 42.52278806312048], [11.187024827835511, 42.524407636114596], [11.184117140977227, 42.52985786140526], [11.182972753443574, 42.5319913422365], [11.180883001826109, 42.53540975945166], [11.180790352811194, 42.535546601344336], [11.179761083333396, 42.53704055920725], [11.178970296168995, 42.53818370757712], [11.178189820498254, 42.539283636226166], [11.17586037578367, 42.54221334278292], [11.171768366422842, 42.54685842964633], [11.168351636494588, 42.550418373017926], [11.164425719443143, 42.55307716914058], [11.160732874109849, 42.5574378376866], [11.158309500544298, 42.56168204299703], [11.158373496959431, 42.56187233860787], [11.158172324298086, 42.56205138924133], [11.156918942805458, 42.56270119735587], [11.15678720085635, 42.56276671395509], [11.156684730826884, 42.5627979105096], [11.153914220213162, 42.563442136077626], [11.153664022123088, 42.563499143369825], [11.1535578493546, 42.56352328632095], [11.153482095186018, 42.56354031494505], [11.153166121139014, 42.56359358967414], [11.153057157937104, 42.56361127654095], [11.152471773397387, 42.563651608471034], [11.150815473637422, 42.56366471425202], [11.149415229742013, 42.56341859508144], [11.142812773617651, 42.56191015529602], [11.14255797988642, 42.56185185822252], [11.14226315925699, 42.56178080049285], [11.140269454969996, 42.56118771205295], [11.139033044794624, 42.56074254162508], [11.138881072923487, 42.56066208213459], [11.138523086043422, 42.56043463230133], [11.137793410894615, 42.559934959651066], [11.136542080614367, 42.55902421733271], [11.13649723390639, 42.55898658798916], [11.135548924635334, 42.557968678251214], [11.134913818977767, 42.55649016236734], [11.134742349496136, 42.555480275984465], [11.134706473483211, 42.55451739280094], [11.135965049757289, 42.55329623975716], [11.136038719018336, 42.55314166767218], [11.134153299598118, 42.55142091512877], [11.133010505206661, 42.55201853442718], [11.122715534001019, 42.55848468491052], [11.115804071722762, 42.56807804903862], [11.109542182618545, 42.57864247161226], [11.107018635251714, 42.58520640474359], [11.105511219082695, 42.59373048044259], [11.104838805007692, 42.59683610843969], [11.099390469560996, 42.60454545309205], [11.094951632314855, 42.6059599550421], [11.091688083127602, 42.606235268186055], [11.090618557682546, 42.60669604860788], [11.089806667483854, 42.60720614924261], [11.08623315842483, 42.60971169308961], [11.082466522282274, 42.613472356973304], [11.082286063777463, 42.613727781086624], [11.082062516932549, 42.61424513805178], [11.081958507520408, 42.61450817690971], [11.081784198328439, 42.61522275061788], [11.081743773014006, 42.61539777019013], [11.08173626510323, 42.61543073960371], [11.08172403282194, 42.6155210129942], [11.082404923656933, 42.616562232452544], [11.082491495160241, 42.61663381730671], [11.082564782244328, 42.61669440249278], [11.082711256240545, 42.61679079495792], [11.082741466199773, 42.616805514746034], [11.082852984162317, 42.61685957808733], [11.083360823814457, 42.61707614841714], [11.084013113111547, 42.617073256429165], [11.08514997368898, 42.616980549734485], [11.085412594350858, 42.6169037261921], [11.085627579402962, 42.616792425122576], [11.085774740399112, 42.61668100818189], [11.085873345036445, 42.61655314047762], [11.086129571206813, 42.61646742837354], [11.087198158925595, 42.617203390424436], [11.088435186483744, 42.61805532827773], [11.08839135516517, 42.618344410637654], [11.088319122734067, 42.61877785161728], [11.087648065926434, 42.62223003811102], [11.086222523022693, 42.625822035348946], [11.086118475271283, 42.62594844808232], [11.085326039830237, 42.626819921541575], [11.08387097222029, 42.62787767339529], [11.083184154457973, 42.6283494720948], [11.081166894573476, 42.62973410997991], [11.080216738946474, 42.63030745856225], [11.078733444600992, 42.63120247957055], [11.077007369306429, 42.6322439371193], [11.076724352649949, 42.632389502002916], [11.07080279880946, 42.635433665475134], [11.062590139812684, 42.639026668018865], [11.05278434233477, 42.64258786580304], [11.04574742773546, 42.644917396503544], [11.044657878696668, 42.64527800500248], [11.043451485776222, 42.6456772177236], [11.04196652882318, 42.646168579735225], [11.037027654343428, 42.647730892033294], [11.025955288775863, 42.6515712224909], [11.013565603766068, 42.657021636246284], [11.010636807624142, 42.66224037848283], [10.99994300765263, 42.6813786039957], [10.996224414631918, 42.68926687883158], [10.994076372172495, 42.69382260797573], [10.990916664957219, 42.70006244590668], [10.982019296116786, 42.71327504932067], [10.981383083569987, 42.71418354843209], [10.980254123491868, 42.71570773190993], [10.980217781619478, 42.715755367093635], [10.980157995881553, 42.71582609968212], [10.97946365240198, 42.7166142504393], [10.979262265427007, 42.71682898987117], [10.977826162498513, 42.71832162741536], [10.977760608328175, 42.718387776634465], [10.977683904405845, 42.718460511129635], [10.977277156107139, 42.718834942552256], [10.976154419957892, 42.719868382528404], [10.975485683945664, 42.72040410972655], [10.970845727892115, 42.72400995800879], [10.962117091509143, 42.730522437955905], [10.96191112527556, 42.730662587392835], [10.955963283814553, 42.73424414760231], [10.95154518277184, 42.73689365593148], [10.945503726115142, 42.7399907518344], [10.944532808957828, 42.74047062200036], [10.94155603514714, 42.74191736889305], [10.935380237190405, 42.74464311389425], [10.934705829537693, 42.74493384750397], [10.931611805117456, 42.74618762922576], [10.929972904362533, 42.746841297503565], [10.929274056641578, 42.7471177328507], [10.928544907195688, 42.7474021494914], [10.926728547909484, 42.74810360492369], [10.921288002754897, 42.750136154906265], [10.920868622137553, 42.75028925268348], [10.918885565025345, 42.75095952232729], [10.912201124133826, 42.75308470260397], [10.911342127159648, 42.75334488363062], [10.907148696549967, 42.75453216369506], [10.902116181497467, 42.75595010090577], [10.898299790457829, 42.75696645486378], [10.893517419487846, 42.75811778888831], [10.8839367580634, 42.76040672043032], [10.867465885867913, 42.76465695936561], [10.855150866326193, 42.767300747864425], [10.853933833995185, 42.767537738235376], [10.846454044196092, 42.7689936011848], [10.833465396705895, 42.7712523077402], [10.824318488614177, 42.772698441627234], [10.813236019077005, 42.77440311072261], [10.81068545613766, 42.77475636624578], [10.803391698641157, 42.77559521895373], [10.801895876352456, 42.77576172142045], [10.799664918117498, 42.776006471712776], [10.798614126271803, 42.7761154007797], [10.796813810810876, 42.776279973563156], [10.795445334796545, 42.776377681471686], [10.794152924346347, 42.77645884079684], [10.793840023804988, 42.77640377550983], [10.793412708298915, 42.776315917686865], [10.793230901174567, 42.77626953472943], [10.792158162613331, 42.775203126791595], [10.790890228562715, 42.77375546144691], [10.789705082900786, 42.773836903271274], [10.786256896005527, 42.774462850513125], [10.784965355463772, 42.77483344780151], [10.778216887267684, 42.77975248355596], [10.776263808068501, 42.78105652599349], [10.771544350308874, 42.78382434828409], [10.762870904752988, 42.7877061753342], [10.755741317842999, 42.79116452779028], [10.75222952446282, 42.7935301670189], [10.742881779401612, 42.79820773071069], [10.74039874711778, 42.79926809918001], [10.736264334955395, 42.80085089241249], [10.732338038542558, 42.80147105171423], [10.730845945474593, 42.80190334934315], [10.731334905208843, 42.80354378434572], [10.73219821730704, 42.80472647380416], [10.735356333833778, 42.80905240144418], [10.73614280739089, 42.80907649685953], [10.736150344478782, 42.808799478473624], [10.736722314160518, 42.80585740599093], [10.747265113990197, 42.806212484215834], [10.749820065400675, 42.8064998878038], [10.753473844812213, 42.806937002193166], [10.753661033574403, 42.806961150012945], [10.753934303067657, 42.80700198791889], [10.754433217590774, 42.807129417881775], [10.75472584338221, 42.80720597750185], [10.75526550991624, 42.80736879941588], [10.755509238573152, 42.80744610675124], [10.75596104308428, 42.80763728699737], [10.757835529147542, 42.80850901693758], [10.758015340223013, 42.80859630542824], [10.758229535682137, 42.8087100807159], [10.758435071992265, 42.808841998731765], [10.76014308767384, 42.81009445637242], [10.760648439937398, 42.81066300432213], [10.760803375587205, 42.81084297459858], [10.764770456992743, 42.815833677258276], [10.765458740192573, 42.816917168641275], [10.769551354849304, 42.824285324585844], [10.770559950507051, 42.82622535899962], [10.771917303251048, 42.8292306196151], [10.772201194962483, 42.82986418138324], [10.772727790652846, 42.83104788213636], [10.773100729583305, 42.83200617657271], [10.774776404178319, 42.83822152652936], [10.776017609807568, 42.84371240218935], [10.775164884052083, 42.84929517691472], [10.774488509101307, 42.85357443068809], [10.772262281477456, 42.85927485928251], [10.769855948707752, 42.862551608875116], [10.770670400707905, 42.8674837844185], [10.772204078295825, 42.872420704422844], [10.777490974295311, 42.8788713721871], [10.784727922163325, 42.88677287217083], [10.786623989436103, 42.88836921166514], [10.786572203414071, 42.888696443602406], [10.786428463937842, 42.88933803232262], [10.785136512408078, 42.89358372120787], [10.7832510791622, 42.89679182635216], [10.78030612503445, 42.900856089093885], [10.780158211152388, 42.90104973994851], [10.780084966003496, 42.90114551821564], [10.777726776995877, 42.90422625377619], [10.776559170857016, 42.905705599590384], [10.775962065818225, 42.906454624260604], [10.77549249471678, 42.90703840821922], [10.773621400918234, 42.90880468347487], [10.771713550796484, 42.91026746770141], [10.76777498185861, 42.91290726471116], [10.754287443534519, 42.92158633266239], [10.753736065748011, 42.92190994851856], [10.752628320583232, 42.92248971730946], [10.746531790395405, 42.9255664081466], [10.744515183434263, 42.926553799601585], [10.741396767376125, 42.92796727265585], [10.740646485145675, 42.92830286389752], [10.740246841435086, 42.92847102891803], [10.739746397103625, 42.92864972894351], [10.734108136343583, 42.93060479355067], [10.718560082390145, 42.93727485130927], [10.712290676552742, 42.94000930516942], [10.708795980637916, 42.94119542252592], [10.707031935910047, 42.94175377334188], [10.706973425447911, 42.94177100527016], [10.706572982970721, 42.9418889370833], [10.70630444277784, 42.94192896088271], [10.706263575073404, 42.94193060127187], [10.702612009139193, 42.94281215128641], [10.69353072073909, 42.945673526310195], [10.679848872342005, 42.94892325928163], [10.677010454595273, 42.94958544372637], [10.67652452648938, 42.94967601814416], [10.675109921295677, 42.94989216717811], [10.670344377750517, 42.950603958664445], [10.665497668220114, 42.95122529468083], [10.663722743700331, 42.9514422275891], [10.660570722099786, 42.9518112370203], [10.649989205398265, 42.95275671726429], [10.645768283414055, 42.95311535321979], [10.633141169414488, 42.953893775034864], [10.628856082649824, 42.954105433133854], [10.6208935907012, 42.95433108278553], [10.61832149271239, 42.954390723118706], [10.618078780049908, 42.954391091634804], [10.600627479943537, 42.95385892700992], [10.599022987729636, 42.954159788637966], [10.598182117895197, 42.954267498040956], [10.59785187879051, 42.95427277304492], [10.594814755544892, 42.95427935575688], [10.59386153202876, 42.95427709490523], [10.591842608101052, 42.95418813326903], [10.581218698257885, 42.953536237938415], [10.5803346340032, 42.95348091347645], [10.57787951667569, 42.95323109549197], [10.577832041682035, 42.953225938274414], [10.57738190598967, 42.95317648229411], [10.577218967986756, 42.953157017136114], [10.567534566316127, 42.95196629749656], [10.563485656004179, 42.95146338435367], [10.562577682538697, 42.95130919591847], [10.561914799201169, 42.95115165555368], [10.561207778371829, 42.95094518637822], [10.553819808472996, 42.94828821300324], [10.553888092507341, 42.94534590510044], [10.559767266208876, 42.94738757186001], [10.56267622221738, 42.94443170050181], [10.562968646414513, 42.94368436356246], [10.562580017582363, 42.94267948333127], [10.559432158973749, 42.93719497181575], [10.559270797492443, 42.93696844839393], [10.558610428007064, 42.93717303998767], [10.559039487323211, 42.93855040570222], [10.560713777269521, 42.94115793394434], [10.555051317296579, 42.942477041977156], [10.549123027863951, 42.937811445913724], [10.54606625903574, 42.935428260075355], [10.544081169780318, 42.936175449812296], [10.542773892661698, 42.93474329398965], [10.544205034891956, 42.93033198004315], [10.551345090591333, 42.930417641253854], [10.545151917526042, 42.92164967943072], [10.543953575085945, 42.921010744965265], [10.543141610724721, 42.92075605141958], [10.537437648388185, 42.92024968132523], [10.533815973844836, 42.920205974525736], [10.525444202295917, 42.920441680035886], [10.52118369426889, 42.922569514144726], [10.520872090153548, 42.922852807723466], [10.517803398433852, 42.92587416757004], [10.517129099449043, 42.92710777419434], [10.516855429379602, 42.92793985170432], [10.514517069917412, 42.92990237308848], [10.511348534617694, 42.93237558048266], [10.510275056572057, 42.93282874040637], [10.509927169338884, 42.932885108216134], [10.509194304566746, 42.9328847537283], [10.507576929250657, 42.93254097598247], [10.506467523056363, 42.93219896482023], [10.504064339661566, 42.93140630908616], [10.497541574707855, 42.93190425846948], [10.495896100339195, 42.93431203356044], [10.498628590963383, 42.936441961855124], [10.497203635127272, 42.939832942828644], [10.490112785373858, 42.951762400217135], [10.48725997539227, 42.95694490064176], [10.485808574865171, 42.961638166606825], [10.484510056187965, 42.96601787018769], [10.485486843599109, 42.97132255676094], [10.484936908742892, 42.97929897677057], [10.483390909014043, 42.98207450485853], [10.48328748772507, 42.98236400043338], [10.482795321435782, 42.98382916067118], [10.48316845043052, 42.988101615597145], [10.485018535271871, 42.99007669088957], [10.48525759346475, 42.990325724391234], [10.494303615484677, 42.99461130657831], [10.496357613344957, 42.99457996418038], [10.499254327641278, 42.99354443059074], [10.500008298260024, 42.993116162571916], [10.50083002175505, 42.99260562119483], [10.500946184829091, 42.992499497841294], [10.500979634155085, 42.99246850284631], [10.50100087288562, 42.992343917289645], [10.501011303352007, 42.99227159735026], [10.50097930669085, 42.992198982050226], [10.500934594413392, 42.99210041486208], [10.500843434205851, 42.99201581378304], [10.500801302689627, 42.991977205013555], [10.500768295111415, 42.99194725993291], [10.500671874282862, 42.991908132119555], [10.500637914673199, 42.99189451002768], [10.500640916166928, 42.99165354775492], [10.500764423859176, 42.991422349497775], [10.500951263665748, 42.991287077903365], [10.501038139712874, 42.991234161211366], [10.50126713921056, 42.9910946783006], [10.501888900836844, 42.99075249621801], [10.502266932608778, 42.99056528882864], [10.50236143008718, 42.99051871407147], [10.502886872856317, 42.990384177562724], [10.503343460858872, 42.9902899080617], [10.503909005825397, 42.99021719163951], [10.504079844977888, 42.99021219804607], [10.50432882931701, 42.990204919868354], [10.504693218651495, 42.990214536042544], [10.504841277815508, 42.990218443206075], [10.505316966405225, 42.99026171367492], [10.505923190594752, 42.99035126135857], [10.505988593576097, 42.99036093367], [10.506466840985203, 42.99048070627431], [10.506824273635846, 42.99058405800646], [10.507138767569254, 42.990675073747774], [10.507582272421898, 42.99082395817195], [10.507776528408572, 42.990898680534976], [10.508272622412658, 42.991089507459776], [10.508395922439666, 42.991146871443256], [10.508827868311174, 42.991347829115476], [10.510444406592152, 42.99236655800563], [10.510887359647558, 42.992652207399175], [10.510947356551759, 42.9926911339503], [10.510992822289262, 42.99272095570532], [10.51120650991829, 42.992861419569834], [10.51125467222037, 42.992893194786106], [10.51133489306485, 42.99295049594161], [10.511521370911966, 42.99308427495264], [10.51154763607154, 42.99310335334145], [10.511719279978054, 42.9932280610456], [10.51177003605285, 42.99327904879972], [10.51188358248197, 42.99339328386878], [10.511907944749643, 42.99341789469633], [10.512004671302256, 42.99351578019263], [10.512112889610606, 42.99362545602117], [10.512921882236926, 42.99447472158289], [10.51314505272925, 42.99474988546714], [10.513186018267161, 42.994800423921596], [10.513206993233645, 42.994826328231795], [10.513226206423678, 42.99485007485473], [10.513245853594901, 42.99487440915662], [10.513316639689052, 42.99496227103035], [10.51494948964203, 42.99723037949963], [10.515811929878582, 42.99863721364333], [10.516062146828093, 42.99908413774571], [10.51637500666474, 42.999957959586254], [10.516474738315974, 43.00027180553621], [10.516532782632314, 43.000761796908066], [10.516545762849734, 43.00091470756904], [10.516510732068962, 43.0010099489119], [10.516041081562207, 43.00197653345034], [10.515829806523175, 43.00236512673242], [10.515753604987312, 43.002471964858266], [10.515717284737272, 43.002521782686046], [10.515534806604048, 43.00258498239939], [10.512291484361487, 43.00428252183475], [10.510586483169007, 43.00590784123868], [10.510878397141639, 43.01146624691567], [10.512007409603049, 43.01334723843413], [10.514441355446671, 43.01500579483268], [10.514676383651993, 43.01511201092419], [10.514804323063377, 43.015169829434946], [10.515221513960539, 43.01527548056767], [10.51654102539006, 43.01555654240604], [10.516790076162984, 43.015516912264985], [10.51692207819906, 43.01545696234813], [10.51719325930518, 43.01538571281022], [10.517405307318905, 43.01539652630479], [10.517439981362454, 43.015405091146384], [10.517607264747257, 43.0154474034049], [10.518319379311562, 43.01588866794091], [10.519025582059145, 43.01641057637809], [10.520061094718605, 43.01742696804671], [10.520339802478336, 43.0177010645837], [10.520653039221552, 43.0180863588457], [10.521145628213514, 43.018759670490375], [10.521452744048217, 43.019205825582226], [10.521638815774411, 43.01949150338531], [10.522048241141132, 43.02054381276472], [10.529510495428248, 43.04496390098688], [10.531250548049726, 43.05104154400262], [10.531721935030575, 43.05285820804514], [10.531808168280516, 43.053251717013225], [10.532882899881821, 43.058714640122176], [10.533464630188703, 43.06172664014588], [10.533933320365186, 43.06435995739107], [10.534252309884025, 43.06647718736504], [10.534734969262308, 43.069745043695235], [10.536571771951808, 43.08394124214847], [10.53736295654513, 43.09672890410074], [10.537934201120269, 43.10408534159281], [10.538984471796779, 43.11356559595361], [10.539408391636417, 43.12066903390822], [10.539571356171503, 43.12594128836414], [10.539777367587437, 43.13413935993065], [10.539745061538403, 43.14497914917636], [10.539687172109177, 43.14660300200575], [10.539490256841024, 43.15178327761625], [10.539093239162154, 43.15917909293271], [10.538786565056208, 43.164691817248894], [10.53867577816088, 43.166480368054096], [10.538624738642635, 43.167226475433225], [10.53843879958246, 43.169617858355956], [10.537621242198387, 43.17688607346818], [10.537437380098067, 43.1785071078916], [10.536756920338934, 43.18399777000224], [10.535626846971635, 43.19235560970983], [10.535254313866272, 43.19486637314907], [10.534090780381911, 43.20216815442916], [10.532775283662602, 43.2094010936045], [10.531692732470008, 43.21518507133481], [10.530774718591113, 43.21997437684417], [10.530324128157597, 43.22214147817984], [10.528161014263688, 43.23156758072596], [10.526966359974717, 43.236143258983454], [10.52598463826839, 43.23975813429105], [10.525105804254565, 43.24238990835238], [10.524064744052911, 43.24530570360064], [10.523389886869502, 43.24708518302661], [10.522864706599172, 43.2484460630262], [10.521676174064035, 43.25140649147171], [10.521373583259072, 43.252118483645724], [10.520969618609492, 43.25295569704337], [10.52017739056327, 43.254541952913556], [10.517054852876266, 43.261131874988116], [10.513975214068315, 43.26764573001851], [10.511344553453847, 43.27338270429477], [10.511243209889436, 43.27372944306922], [10.509963355740771, 43.27653118714563], [10.509710641805704, 43.277036287116736], [10.50889415824701, 43.27866506473492], [10.508123841860698, 43.280181185820766], [10.50692321215831, 43.28254020094809], [10.50569717355501, 43.28459885437513], [10.504581850233562, 43.28643451374459], [10.50420059396747, 43.28698669956002], [10.502884525325214, 43.288852150248424], [10.50188812939771, 43.2901866313283], [10.500501442156509, 43.29182129970377], [10.492188699842721, 43.29856609956663], [10.490940309545396, 43.29956835921269], [10.488201710601423, 43.301643596008006], [10.48234748665173, 43.30565896023631], [10.481455346440322, 43.30652593491977], [10.479358210077995, 43.30848408055693], [10.479047212484781, 43.30874285003921], [10.478744609216013, 43.308978733441776], [10.478111579376536, 43.30945039913186], [10.476593773569155, 43.31054397241617], [10.47405927219798, 43.312051131780514], [10.470395388562801, 43.31415804527391], [10.470213344225172, 43.31425889324337], [10.470105076034882, 43.31431677522303], [10.470039424637003, 43.314351767522226], [10.469548612471472, 43.314603326318725], [10.469495706743226, 43.31462876741344], [10.469304986827273, 43.314705925847555], [10.467740380879292, 43.31530150257996], [10.466635622063501, 43.31591210369013], [10.46518847188132, 43.316723582976934], [10.464725374722113, 43.31700129922874], [10.462952754854042, 43.31815687817881], [10.462858699840272, 43.31828878670358], [10.462742174870241, 43.31845990953286], [10.46267805536448, 43.318761273471964], [10.462790982332944, 43.31905991537614], [10.462064281653259, 43.31893139350017], [10.459956630545097, 43.3212094049172], [10.457182949564064, 43.325404755034846], [10.455187827749064, 43.32862669734063], [10.455135210563546, 43.32892450929218], [10.455114483837184, 43.329041829289196], [10.455256622354405, 43.33073283333454], [10.455273885997654, 43.330889640361356], [10.455390244387523, 43.33193771155642], [10.455721873992129, 43.33461914067631], [10.456055918158999, 43.337307127170035], [10.456082735052565, 43.33836698070016], [10.456097237382478, 43.3390691324263], [10.456111953074775, 43.33997440666402], [10.456003035048973, 43.34097447195213], [10.455830103643343, 43.341970076299035], [10.455307112741028, 43.343329221348384], [10.455129814570492, 43.343779333629286], [10.454786953024588, 43.34464146445821], [10.454485553803009, 43.34519456076738], [10.454199275072414, 43.34570004873115], [10.45394097219968, 43.34615594163566], [10.449753411631061, 43.35285428161755], [10.44855551804738, 43.35437513054637], [10.447430218014713, 43.35487365897257], [10.446759986678765, 43.355050315250615], [10.446539954252076, 43.355065010794696], [10.446075379655344, 43.355075272857704], [10.444221784327091, 43.35421197445672], [10.442899863621024, 43.357893326122024], [10.440826843565768, 43.367127502483804], [10.440933412792763, 43.36725555922117], [10.4410622822187, 43.36754900032028], [10.441122395705516, 43.36768714460808], [10.441219070037334, 43.36790988307119], [10.44125047524337, 43.367985354221204], [10.441265041375203, 43.36802437643066], [10.441467438219737, 43.368567953786496], [10.441460056491602, 43.36877739597054], [10.441338185556095, 43.369234659012065], [10.441225632025334, 43.36957722873461], [10.440744863970293, 43.37076059479092], [10.44044170754411, 43.371363254821], [10.43729799737761, 43.3774421670387], [10.437121374048935, 43.37773282541049], [10.437082651632144, 43.37778923706651], [10.436957190866382, 43.377971423514474], [10.436912574721081, 43.37803613643188], [10.436867499868873, 43.37810113603055], [10.436846253117228, 43.37813173229726], [10.436114537821348, 43.37918380408563], [10.43588994570579, 43.37947476040154], [10.4356679575498, 43.379745424737955], [10.434801751155772, 43.380703995344525], [10.434681864405665, 43.38081355063517], [10.43451910354073, 43.38096128897176], [10.434489930458435, 43.38098759552266], [10.433816631600799, 43.3815942669492], [10.4334521795031, 43.38171364066172], [10.432940529982464, 43.38187312634428], [10.427887199083772, 43.39194906203054], [10.4261260296534, 43.39681980229092], [10.426224345399708, 43.39684498201219], [10.42652840779842, 43.396922855215344], [10.42630808672435, 43.39740057620417], [10.42549023562366, 43.3991215780911], [10.419751427343435, 43.402963500424974], [10.419344608365082, 43.403126125430546], [10.418678156732314, 43.403276213184384], [10.417368463592284, 43.403513059259254], [10.409279838484489, 43.40152414543678], [10.40498065667801, 43.405192215068226], [10.402963538827597, 43.41170447652335], [10.399852338967294, 43.42235548452509], [10.394662579118789, 43.428207187336845], [10.392441733907566, 43.42875199723452], [10.389421129056837, 43.43171510649102], [10.387666649109153, 43.43395157476485], [10.38728270092641, 43.43451607908373], [10.380410555243452, 43.44673145899086], [10.379101626161091, 43.448867180371785], [10.37865916188126, 43.44855714689706], [10.376633703027236, 43.448495655119494], [10.375603366429903, 43.45004326608077], [10.375003328476067, 43.45083384878446], [10.372406693190193, 43.45351226859243], [10.367473581780597, 43.45673183752416], [10.363676139044953, 43.45896523229991], [10.354582237537334, 43.463394561296525], [10.35353032547492, 43.46384949503005], [10.35023368660842, 43.4643575598338], [10.347958626855162, 43.46469790836739], [10.347934712473457, 43.46463443865051], [10.347829117661142, 43.464375219419715], [10.34748493522566, 43.46406027228916], [10.3474272256216, 43.464045785732495], [10.347251373284152, 43.46400247683681], [10.346942125297867, 43.46392677989982], [10.345528855404623, 43.46374533019966], [10.345299440236435, 43.463753082196995], [10.345121224726615, 43.46375913104957], [10.344800953340712, 43.463798885862346], [10.34464043842121, 43.46381881106287], [10.344591013234984, 43.46382924386483], [10.344535996958493, 43.463840968772686], [10.344283635664882, 43.46389504066606], [10.343952546619398, 43.46401598709323], [10.341649117339278, 43.465034844043906], [10.340065212362923, 43.46596974617663], [10.337236838719576, 43.46797824049591], [10.331366042058152, 43.47293309770058], [10.330446321020137, 43.473835405573816], [10.329237197050597, 43.47606907175299], [10.32922975766106, 43.47632597888846], [10.329226688686802, 43.47646347276147], [10.329339612568898, 43.476688615541725], [10.329785091210562, 43.47735174759326], [10.330501471678875, 43.47802408734296], [10.33142448744343, 43.48403469634086], [10.326170179451847, 43.48974134854396], [10.321888176976508, 43.49571317462431], [10.320428875673041, 43.49982037233139], [10.31981660355094, 43.50249894894709], [10.319019826338923, 43.50710306522274], [10.318483871025457, 43.50985689202667], [10.31551050207871, 43.51505748228412], [10.312543176647896, 43.520239103294536], [10.308167018907385, 43.525528893164065], [10.30583667728278, 43.528078847225565], [10.298962002297177, 43.53682764217945], [10.295578797105144, 43.54136584984002], [10.292500845980427, 43.546953605944864], [10.294714343255789, 43.54748078387834], [10.299881445147134, 43.54622891656359], [10.303839209046487, 43.54881227680102], [10.301151236126817, 43.55127241682081], [10.29587961402589, 43.553693644439925], [10.299592859351286, 43.55991472793292], [10.303179207250224, 43.56370165866151], [10.304089066679749, 43.56439816468723], [10.30722585450035, 43.56679399686395], [10.308165924590428, 43.5675094850246], [10.312264793894515, 43.570612564345936], [10.31450508102071, 43.57230819252135], [10.316549011872535, 43.574539894899736], [10.319385457743428, 43.58276057859804], [10.319823407638266, 43.58403347427315], [10.31992517571509, 43.58432928051052], [10.318832468313008, 43.58453977669256], [10.315648270585454, 43.575600548659565], [10.315435653328514, 43.575003552145006], [10.315137183799315, 43.57448855607882], [10.314927122961743, 43.57420317945947], [10.314535060271217, 43.57375748931042], [10.314247157788438, 43.57345836413191], [10.313883574986669, 43.57308067066741], [10.313640861980305, 43.57285836039936], [10.313240090811053, 43.57253194355444], [10.311259974551996, 43.57145401708232], [10.309375622594787, 43.57110358265437], [10.3086724472589, 43.57133566528809], [10.307067504994935, 43.571875419439344], [10.306629902195095, 43.57473022393085], [10.306494355926208, 43.57563209562507], [10.30395820397639, 43.57586621734911], [10.305273584175392, 43.567294834529534], [10.305279141241584, 43.56724796970262], [10.305103622675214, 43.56651882134571], [10.303848824920896, 43.56545213387806], [10.302967689324866, 43.564805020991834], [10.299434061935393, 43.56262541976818], [10.298142311023517, 43.56191148967743], [10.294402695453604, 43.56065024788389], [10.295648518649593, 43.56869935895409], [10.29947718357012, 43.57902150149618], [10.298982129524173, 43.58145399213607], [10.2982295984825, 43.581224485845986], [10.29569756264159, 43.58511077096973], [10.295070243035282, 43.58645956683987], [10.293650078527802, 43.590131261106286], [10.293468431620163, 43.59061502930955], [10.29305251799866, 43.59187353755223], [10.292550683751156, 43.59345940926982], [10.292272460546936, 43.594351696352206], [10.29181255944015, 43.59616218915879], [10.29137644196573, 43.597927391656555], [10.290322501723539, 43.602524557437825], [10.288951144415135, 43.609527092892485], [10.288592003764846, 43.61156828359048], [10.288280181426025, 43.61365168030922], [10.288229258498093, 43.61402366680924], [10.287746777434478, 43.61769145317988], [10.287606716661577, 43.61882302404698], [10.287482237275697, 43.62024929723912], [10.287220363552839, 43.624385047502905], [10.287275382512446, 43.627398488770204], [10.287267074350531, 43.62817066781805], [10.286867917079451, 43.63458819716616], [10.286544221492834, 43.63655694229729], [10.28559810217175, 43.64218602023132], [10.285265774947536, 43.64331749514714], [10.281207287223127, 43.65609905237015], [10.280842078941678, 43.65700353279918], [10.280383830866262, 43.65805311641345], [10.27998515500841, 43.658696857179216], [10.277974884231247, 43.66170187382956], [10.271628591972233, 43.671443034913715], [10.269709602352254, 43.67690027590943], [10.273542038509495, 43.6793494559868], [10.274601518198269, 43.679388702947804], [10.27489336783316, 43.67940152969458], [10.276854299234873, 43.679488092159566], [10.277174864217326, 43.67950924322454], [10.280244908184082, 43.681419669862976], [10.280611035102835, 43.681863508783685], [10.281447412728664, 43.683416299055665], [10.281842614658453, 43.68435051602398], [10.282000714108694, 43.684783177366626], [10.282597009725315, 43.68641968623382], [10.282827399786918, 43.68849698357885], [10.282767273927336, 43.69091518494842], [10.282723307934353, 43.691229749450684], [10.282702675804943, 43.69137735580339], [10.282452009168722, 43.69286129703297], [10.280162527289443, 43.7030613247335], [10.280042396953036, 43.70353987107955], [10.27881765765926, 43.70751975617058], [10.276919164350563, 43.7136815697256], [10.27688277072059, 43.73461571808385], [10.277031605876203, 43.73475361345865], [10.277113974775785, 43.7348314755919], [10.277251550354602, 43.73516982983441], [10.2774111945006, 43.73567000517491], [10.277551358999624, 43.73612988080047], [10.277641680121574, 43.73672761997596], [10.27759945937739, 43.737515920207585], [10.277498969599073, 43.73804601452811], [10.27741394180014, 43.73842737283754], [10.275524267392157, 43.74636952414804], [10.274532447482182, 43.75049372594923], [10.273640932347252, 43.75170498328556], [10.27399174075344, 43.752176858180476], [10.273894004817656, 43.753388110669604], [10.273190261537199, 43.75871490307008], [10.271706120355343, 43.763714985380034], [10.267403042709049, 43.77955742693559], [10.265923165384487, 43.785068477499735], [10.265262492478586, 43.78850623686284], [10.263844005275834, 43.79579675336453], [10.261844411710126, 43.80162821896865], [10.257949014640054, 43.81387989814069], [10.257885435528493, 43.81569582326982], [10.255084375980031, 43.820716830834876], [10.251993818968636, 43.82745227004303], [10.251371042773243, 43.82880933925931], [10.247849890241074, 43.836709043004696], [10.238332919476237, 43.85558330415208], [10.237875168804397, 43.85775008883716], [10.242586972679327, 43.861063065637154], [10.239762958096025, 43.869651627536896], [10.239537277234302, 43.87017178103917], [10.238555485203158, 43.87219247099726], [10.238126065843034, 43.872942169492056], [10.236458828468132, 43.87552623592534], [10.235915834445317, 43.87635368457327], [10.231220045737741, 43.88283966389775], [10.228975192972184, 43.885814741481624], [10.22741946874983, 43.88780097659582], [10.209922476150048, 43.910567042528804], [10.203117585744954, 43.91850178261411], [10.199847635705991, 43.92246542978419], [10.197648703677407, 43.924900842250196], [10.190293637385043, 43.93297724061128], [10.18981051530928, 43.93349115725858], [10.187145558730341, 43.93621564377007], [10.181487305646078, 43.94199681452141], [10.18064959169191, 43.94281150949912], [10.1778700826522, 43.94543591046051], [10.171139799498258, 43.95173866275571], [10.16514688956554, 43.95719508191277], [10.158194013953112, 43.96334105386709], [10.154451047619922, 43.96656351367492], [10.150696418318542, 43.96966766191057], [10.14957872331316, 43.970588098347704], [10.143623046313436, 43.975378547774135], [10.143494890700529, 43.975469373733816], [10.143143886883387, 43.97563324546987], [10.13690407826571, 43.98014078447492], [10.129079699945882, 43.98621013292127], [10.123375789399601, 43.990560979646006], [10.115795243873892, 43.99630514901608], [10.114173345181065, 43.99744189834014], [10.11203753200892, 43.99877945192516], [10.109733365714954, 44.000123110559656], [10.109223614223941, 44.000377904675716], [10.09407292547552, 44.01024988158992], [10.09291969363988, 44.011136497097155], [10.090782019849572, 44.01258635106045], [10.088671965653418, 44.01385569341451], [10.078260818711946, 44.020045058507385], [10.068806299181782, 44.02541884741077], [10.060305733904045, 44.02932086956346], [10.056352168361082, 44.03044830343168], [10.048042333914479, 44.03181613727079], [10.035283164526133, 44.034679165403084], [10.03325622884287, 44.03617631319915], [10.030871873895673, 44.03775993089989], [10.030062945262449, 44.038253407127364], [10.02637922800191, 44.040492375896406], [10.024478385332854, 44.04154481942223], [10.022466124697031, 44.04265449958442], [10.019445131596818, 44.04426830564835], [10.019098043268189, 44.04440870308495], [10.018772970142269, 44.04447690754418], [10.026657182797488, 44.05659202110596], [10.028991370493427, 44.0596719698373], [10.034894738335563, 44.06426109820706], [10.046337460544256, 44.07102602573449], [10.059960245483524, 44.07935450976679], [10.066365618767328, 44.086635155717666], [10.068914056633657, 44.08995794318848], [10.070407894993263, 44.09235683741862], [10.070191016197475, 44.09401255861568], [10.06915969593872, 44.09713574065026], [10.068780579836226, 44.09828269869192], [10.06602633425053, 44.100703279079305], [10.059994374207323, 44.10579671307906], [10.053607621685904, 44.11007632042795], [10.052983270332414, 44.110101056040556], [10.052505644837805, 44.110119977170044], [10.052359005373628, 44.110130689733474], [10.05173502142219, 44.11017627395072], [10.051095963955989, 44.110222989215075], [10.050942464140684, 44.11030007768313], [10.050903160503834, 44.110319816128126], [10.05043955230407, 44.11055315246245], [10.04825741330004, 44.11292302610163], [10.048163208270061, 44.11310845508054], [10.047738127600505, 44.11394515264996], [10.047717808387777, 44.11401286181065], [10.047384560772496, 44.11512331386591], [10.046141548049514, 44.11547237169441], [10.038810057648597, 44.117065272841124], [10.037371142287192, 44.117591531692476], [10.036039008566965, 44.117882720648076], [10.031814632646698, 44.11863220776034], [10.030345130245053, 44.11880733841307], [10.024478844625294, 44.11932845657273], [10.02148126865923, 44.11946552220219], [10.018610566860138, 44.11924714229608], [10.011029934322826, 44.11471709072745], [10.005605925254775, 44.11087107517672], [10.003807836239, 44.109473384248716], [10.003343703203816, 44.109007149478586], [10.002981576914237, 44.10864334172322], [10.002127617007922, 44.10765147859572], [10.001925678976717, 44.1072267809093], [10.00159482048222, 44.10653074828587], [10.001532123595497, 44.10633229811314], [9.998521690615776, 44.10067854135479], [9.99751900738416, 44.099003696186514], [9.994714056729473, 44.09470941232279], [9.99341979783092, 44.09284048303936], [9.993311108134403, 44.09268425541913], [9.986715767040094, 44.096869093437796], [9.989135324681998, 44.10294849367304], [9.990759474259642, 44.10371705853269], [9.992834378103458, 44.104860603693936], [9.992916370367228, 44.10490777692978], [9.993113581832127, 44.1050212418881], [9.993450999459, 44.105215372323535], [9.994072358121091, 44.105759164733314], [9.99434766000628, 44.10792654607645], [9.995079528346116, 44.115725458238074], [9.993134407895848, 44.12035252289693], [9.989843926257294, 44.12098429660661], [9.986751525523777, 44.12236741193489], [9.98543532073834, 44.123246203573665], [9.983598092588613, 44.124756568380846], [9.983281828483943, 44.125281477038726], [9.983259271279477, 44.1253345185822], [9.982970554721364, 44.126013414297375], [9.977281823315728, 44.14008018686704], [9.980427402809418, 44.14506799877908], [9.976789613186497, 44.15092353931242], [9.976709864076192, 44.151104956536955], [9.97651288269708, 44.15155679933647], [9.976414392143528, 44.151782720145036], [9.976457992109134, 44.152862726708555], [9.977210904651246, 44.15605240793436], [9.97853571380479, 44.161303386863565], [9.975656896751536, 44.164103865876285], [9.974691178387813, 44.1659703235409], [9.97334395603106, 44.16710958929004], [9.96802970581568, 44.168923906190685], [9.966170785833066, 44.16920087723794], [9.96082585163074, 44.16782346280385], [9.96024532906875, 44.16750423146404], [9.960194048372493, 44.16747530666599], [9.960150971747211, 44.16745100806014], [9.959538829304577, 44.16710564957321], [9.959394876655912, 44.16700720396707], [9.959070431089991, 44.16678484731257], [9.958778800139232, 44.16658922663582], [9.95730467134052, 44.165926354542094], [9.955025411927837, 44.164973093172485], [9.954674089834157, 44.16490400500765], [9.953569510489988, 44.16538154905525], [9.953184913890617, 44.165582673702644], [9.952722635999686, 44.16585662367581], [9.950965889309693, 44.166816591360735], [9.949341652489785, 44.16765839086046], [9.9491072791181, 44.1677166075324], [9.947886696186227, 44.16784603380962], [9.944325113919275, 44.16814128827449], [9.937190206139855, 44.1678957891089], [9.933690227578989, 44.167220191941176], [9.921841620418526, 44.17001736351364], [9.91864665146479, 44.16950470446035], [9.911817693952806, 44.168317448454395], [9.906899751870013, 44.16722022965134], [9.906175762551609, 44.16698687140158], [9.902765434754482, 44.16566617885115], [9.89785886995794, 44.16359257925189]], [[10.480693083417579, 44.189470197046305], [10.480802706560366, 44.18949128634353], [10.481080265093958, 44.18956875967382], [10.48139533762093, 44.18967266690132], [10.481686649821155, 44.18981293268562], [10.481782380596002, 44.18990934849735], [10.481827849781096, 44.18995515436767], [10.481847240777329, 44.19014443825293], [10.481860979450715, 44.19027883322428], [10.481801599739537, 44.19040564637489], [10.481555465164421, 44.19050787188688], [10.481289270586148, 44.190448174855185], [10.48064449026983, 44.19016856516327], [10.480425982379813, 44.189937320993316], [10.480322085194361, 44.189785614590946], [10.48031915599843, 44.18966860929748], [10.480414941123719, 44.18949631303732], [10.480626685271854, 44.18945755673169], [10.480693083417579, 44.189470197046305]]], [[[10.106779274964863, 42.58451660101687], [10.10686403273102, 42.584374044813686], [10.1070459421277, 42.58402667289438], [10.107063580515023, 42.583770998199164], [10.107089885974133, 42.583370018081155], [10.107087885420459, 42.58325069335364], [10.107052756974584, 42.58315056538546], [10.106950911487653, 42.58308541500781], [10.106774080591144, 42.58307811780565], [10.106536846840102, 42.583100671952785], [10.105724329625838, 42.5833942167518], [10.105614233474492, 42.583474633046634], [10.10548021384804, 42.58362926831652], [10.105336723523916, 42.58380343159321], [10.105311495697274, 42.58392750112935], [10.105385868123667, 42.58434328910662], [10.106019320371828, 42.58450152601745], [10.106284384957453, 42.5845233945003], [10.106461645844087, 42.58453327740721], [10.106779274964863, 42.58451660101687]]], [[[10.079652079118201, 42.61935464916133], [10.082845086590797, 42.61873220559206], [10.088787790417923, 42.615845904467314], [10.089149562172441, 42.615569285484035], [10.089566506751746, 42.61485699376356], [10.088907117476756, 42.614647040753624], [10.087747943921586, 42.613932868640276], [10.08607678229152, 42.61216672505883], [10.085262813517929, 42.61128457833063], [10.086891206838866, 42.60143711071009], [10.09373322843409, 42.593273786502905], [10.098257105619258, 42.58852962769469], [10.100305276799604, 42.57678927397281], [10.099933369206738, 42.5746945534659], [10.093269225942183, 42.57090846813478], [10.087566551311749, 42.56819579416144], [10.079202361421155, 42.57123320389951], [10.067556878850205, 42.572670978300806], [10.057011534505506, 42.57372124716989], [10.0521341804565, 42.5738691983245], [10.051961561092371, 42.573929319995344], [10.049929296506056, 42.57503500340983], [10.049583092477057, 42.57523442618737], [10.04870559078924, 42.575847589484155], [10.04853235046646, 42.57597349689017], [10.047222123330302, 42.577409136949065], [10.04693017774809, 42.57783291541808], [10.045607230008025, 42.58121669633885], [10.045574288476613, 42.581433130102866], [10.04554405623865, 42.581811638512896], [10.045536967176, 42.581937781005074], [10.045537593387268, 42.58306572024224], [10.045999770445324, 42.58556279022371], [10.046188417833871, 42.58577704490459], [10.053533843041373, 42.588994763968074], [10.057553640121531, 42.58903607342344], [10.059886655633685, 42.587364596398544], [10.059992298832732, 42.58730283205947], [10.060386858674306, 42.58721302779845], [10.060715335793045, 42.5871790681256], [10.063699010778556, 42.586872232121756], [10.065977128764004, 42.58722389502401], [10.07124656214065, 42.58940450585539], [10.0730756643001, 42.590526587113736], [10.074027925987254, 42.59133041299419], [10.075064269146461, 42.59259272282472], [10.07807875056065, 42.59671368791959], [10.081451436182656, 42.6014123825907], [10.08150110640741, 42.60148812254212], [10.081670704689245, 42.601779200080685], [10.082867402723709, 42.60411926980508], [10.082614969543187, 42.607736426044255], [10.079146056414617, 42.617589797198484], [10.078902173209086, 42.61758969077206], [10.078751854001462, 42.61763922938684], [10.078693797222408, 42.617666904420794], [10.07863876609972, 42.617693482877314], [10.07857045515822, 42.61779768907612], [10.0784727524506, 42.61796520994596], [10.078544988959823, 42.6180883553912], [10.079326626919624, 42.61926532526124], [10.079352393312211, 42.619300993948755], [10.079484065501532, 42.619340425950426], [10.079652079118201, 42.61935464916133]]], [[[10.080288600410892, 42.6219667961078], [10.08025273724169, 42.6218320519249], [10.080199637030043, 42.62175825774088], [10.08015001918795, 42.621733324539626], [10.080088313181491, 42.62170279937264], [10.079977775408944, 42.621681449217895], [10.07987554408211, 42.62168944089321], [10.079726145143423, 42.62170158734462], [10.079467735316497, 42.62174264296037], [10.079407359959145, 42.62177698268631], [10.079408526590539, 42.621844512433846], [10.079442947829895, 42.62189597001664], [10.079767678945226, 42.62234093224823], [10.079823554859262, 42.62239894074661], [10.079927666042865, 42.62241568765492], [10.080147499353755, 42.6224454172553], [10.080185995127733, 42.622379764026626], [10.080288600410892, 42.6219667961078]]], [[[10.26537231849995, 42.74474394753268], [10.26048549407651, 42.74415845368393], [10.260109055020498, 42.74412659250241], [10.257429005767353, 42.74394772533716], [10.251933804357634, 42.745864223606134], [10.250072152023558, 42.74655546214906], [10.246184557497399, 42.748130224948746], [10.245234236015866, 42.749629423574255], [10.245138322918194, 42.74987361272734], [10.244885749059437, 42.75007447752729], [10.24468867663529, 42.75014866140089], [10.244457647108028, 42.75020520424185], [10.243237321297265, 42.750283747300934], [10.242637012075347, 42.75020471361878], [10.242293516131097, 42.75013639897397], [10.241036089260694, 42.749733541170336], [10.240703646533966, 42.74960656739374], [10.240540434864648, 42.74954079665769], [10.238998747655558, 42.74882130943079], [10.238560192124385, 42.748580661454675], [10.238284935581198, 42.74841028680568], [10.238012600175919, 42.74823312681735], [10.237560403529839, 42.747920579890085], [10.237181550579674, 42.747609490107294], [10.23666860756151, 42.7471602656436], [10.236231796833607, 42.74669896031458], [10.235884715222893, 42.74629521679791], [10.235727770156599, 42.74608303230577], [10.235524243432705, 42.74552465152734], [10.235446853106952, 42.7451652771264], [10.235398869165442, 42.74490239085283], [10.235403560820737, 42.74467720891208], [10.235429610139152, 42.743681847464465], [10.23543905278158, 42.743542163926755], [10.235857090344904, 42.739175671145986], [10.239418426577735, 42.734316050528875], [10.24079752211154, 42.73276595237312], [10.240515114142422, 42.72774383460082], [10.24051080513251, 42.72768084383223], [10.240423168094864, 42.72757372982529], [10.239811237493035, 42.727206637978504], [10.239034813729317, 42.72685933247707], [10.2372314750932, 42.726158407625036], [10.236789352281358, 42.726037109304514], [10.23670405044494, 42.72604703587333], [10.222161282801485, 42.72875841260861], [10.213662522963384, 42.7306709486472], [10.211641510933836, 42.73155166266262], [10.210579949511388, 42.73210009646126], [10.208344891149753, 42.733282439928125], [10.20653536980677, 42.73445990227579], [10.200054473332017, 42.73550978075838], [10.187873646294722, 42.735878986631455], [10.173392099969016, 42.73433625147149], [10.162424358703234, 42.7318979460917], [10.152231240741251, 42.72997125715224], [10.140677046210408, 42.73228737045327], [10.134338094938903, 42.73481797359508], [10.122579993832327, 42.74165447043125], [10.122151658900984, 42.74195948077966], [10.11957893011544, 42.745499330216525], [10.118350454274058, 42.74725574915325], [10.117061961244486, 42.75034812956954], [10.115073003344497, 42.753908838975136], [10.109816363326747, 42.7596084558931], [10.103747360234152, 42.7679654588813], [10.103175501933428, 42.783628890999026], [10.104663524027037, 42.789004765935], [10.106721331048602, 42.79134810351162], [10.10935581138541, 42.79371799764275], [10.12502520437738, 42.80349108710958], [10.136577497029686, 42.80741581911685], [10.1406099854056, 42.807558074472276], [10.158216497636154, 42.808103986848316], [10.164507726043434, 42.807871325273105], [10.168717353279678, 42.807510999947695], [10.169803697037676, 42.80626607258699], [10.17107445176079, 42.80636126872269], [10.175958118967516, 42.80721173099677], [10.178709462493591, 42.80783181109591], [10.178933060281862, 42.8092261241447], [10.180359875541338, 42.81101164343329], [10.185173945377416, 42.811394159701564], [10.19153233825034, 42.809392053666045], [10.201141162630943, 42.806317697215874], [10.206042195235616, 42.807096900594786], [10.21242146699084, 42.80121190993062], [10.222037676399522, 42.7927261370235], [10.228668652315791, 42.78938310059358], [10.23579978279585, 42.78828295377848], [10.240848571813244, 42.787480919908475], [10.240944202244048, 42.787371821303324], [10.241102389990838, 42.787334085734294], [10.241322235887692, 42.787322697293966], [10.241517994155227, 42.78732958013272], [10.241861514677668, 42.78738889167213], [10.242304266248953, 42.78751916585778], [10.243534201828284, 42.78788403286928], [10.244075472371147, 42.78804925119905], [10.244617285734215, 42.7882414768305], [10.245394785514947, 42.788602234686444], [10.247100295993409, 42.78951120556349], [10.247627096700326, 42.78986792445813], [10.248056154604532, 42.79022795855805], [10.248513717633333, 42.79063720818789], [10.248769655464407, 42.790900069367254], [10.248945863821767, 42.79115029269106], [10.249287512650199, 42.79263467053916], [10.2493144525687, 42.79306212232227], [10.249311668250519, 42.793379585909236], [10.249205222308415, 42.793558599157755], [10.248752561003302, 42.79400253913117], [10.248476139606401, 42.7942419394719], [10.248179116456555, 42.794368999040906], [10.248036740799852, 42.794415577266676], [10.24797867039554, 42.79443421981593], [10.247829771743337, 42.79444767374041], [10.247780338065992, 42.794451971260216], [10.247731196663812, 42.79444939366964], [10.247538570750235, 42.79443901585646], [10.24735499797318, 42.79427892321379], [10.247192194870346, 42.794124977949686], [10.246311239686605, 42.79466850694315], [10.246569077804212, 42.79697177500709], [10.24690243441356, 42.797658279970875], [10.247483282663405, 42.798746341006684], [10.248232423754768, 42.799454086677535], [10.250087135762206, 42.8000124338271], [10.250440447912002, 42.80009862725418], [10.255701380366927, 42.80052732793587], [10.260236452212288, 42.79878002765535], [10.261354943097796, 42.79784711029735], [10.265218206623587, 42.79960769387177], [10.26628499463314, 42.80799320720112], [10.268467458988058, 42.813203181624864], [10.268834684140586, 42.81321712294435], [10.271204758965425, 42.813677109500325], [10.271499723911386, 42.81374587491373], [10.271820436220544, 42.81387739003551], [10.272049975635465, 42.81402950269084], [10.272092438601241, 42.81405771069816], [10.27213985728693, 42.8140893513438], [10.272167945378584, 42.8141081753213], [10.272229319611055, 42.814155228170335], [10.272463316225883, 42.8143347995744], [10.272503203021499, 42.81436542514104], [10.274815897246107, 42.816939638011696], [10.275114344558853, 42.81732578605219], [10.275209811128988, 42.81750707727753], [10.275318182116472, 42.81846491632095], [10.275267220598744, 42.81866359664704], [10.27520338016945, 42.81883090308196], [10.274976418467418, 42.81939400013736], [10.274408540174258, 42.81999244083268], [10.273241886211911, 42.821155776102714], [10.269943562083565, 42.824215909240344], [10.269714401837122, 42.824376040956764], [10.269329528884802, 42.82454915428913], [10.269071650217406, 42.82465107023817], [10.268858944997708, 42.82471871458047], [10.268462455011505, 42.82477263670142], [10.267987876504048, 42.82479095758379], [10.267948859173169, 42.824792142537], [10.26713254089833, 42.82464997940319], [10.26692916850333, 42.82457568682566], [10.266391872083258, 42.82430226214169], [10.266381340983363, 42.82427455707183], [10.265727016139664, 42.8241162133317], [10.26487401299482, 42.82413014308224], [10.264372425383247, 42.8241858658856], [10.263726627093659, 42.82440621388052], [10.26331570301486, 42.82461767304617], [10.263027996131415, 42.82479213791703], [10.261738896270787, 42.826672664366825], [10.261140718998684, 42.8277891362927], [10.262402460993728, 42.82970441643554], [10.263785116906748, 42.82984856481574], [10.266701962682845, 42.829175312351715], [10.266979813868415, 42.82910263672802], [10.267200405461038, 42.82887037658191], [10.269642713330192, 42.825532868919964], [10.275799981725694, 42.823905214028926], [10.281083436044764, 42.823094423815405], [10.293572483220785, 42.81937220601253], [10.297011606023462, 42.818871783422665], [10.304017055075457, 42.81901435866228], [10.316879623203315, 42.819709831651366], [10.32882813006469, 42.818002774844466], [10.32958698018753, 42.812036932755035], [10.324000327666218, 42.8123134111343], [10.314084042362488, 42.80972600489199], [10.314475821289124, 42.807146038880035], [10.315203269570864, 42.80626868924769], [10.317641632701845, 42.80460193353628], [10.32193631395791, 42.80283907705413], [10.323821504866729, 42.80206760484403], [10.337127407478512, 42.79769850076256], [10.339499517457881, 42.79684649618946], [10.339596475408998, 42.79681364363737], [10.339712191980066, 42.79677481447279], [10.340783643499586, 42.79656816845199], [10.340832990613961, 42.7965595227905], [10.34104565526435, 42.796522661890776], [10.343471086824346, 42.79649022046376], [10.34412939774303, 42.79648900567985], [10.345133225773946, 42.79654001275089], [10.345505544008809, 42.796571018583194], [10.34557733533833, 42.79657738806955], [10.34983793125212, 42.79736447511411], [10.355819089404495, 42.79899378751526], [10.358195371168557, 42.799861860291124], [10.360781157084391, 42.80254200899396], [10.361055635202106, 42.80283466907201], [10.361467119358315, 42.80337768202674], [10.361519430536918, 42.80353239789024], [10.361700261551603, 42.804262003657634], [10.36167388431328, 42.804334971326284], [10.36164963245731, 42.804400910366816], [10.361626487115737, 42.804463103586635], [10.361612539490512, 42.80449963966383], [10.361598669682614, 42.80453543098421], [10.361470345278189, 42.804634164547195], [10.360775331687503, 42.80501358275257], [10.360362586467234, 42.80933869548362], [10.362919202374089, 42.810478820321855], [10.359380981897747, 42.812830697861024], [10.362281237138472, 42.81780669048098], [10.370959998533822, 42.82095481283363], [10.379518049195726, 42.82843208109353], [10.382809547571513, 42.83312613208913], [10.388356189504476, 42.84245416016215], [10.390500325897278, 42.85130036608229], [10.394574812839606, 42.85628462264416], [10.396210163187412, 42.85787161213061], [10.403122712865795, 42.86459086631101], [10.404032126515407, 42.867042588966974], [10.407386809527146, 42.87015765215865], [10.408756501290819, 42.871337462252576], [10.41144241855027, 42.87298932015785], [10.411751899294032, 42.87313858929875], [10.41185872329179, 42.87315891011325], [10.412329833969626, 42.87324852540522], [10.412709469961845, 42.87325284502459], [10.413557824307176, 42.87287316730792], [10.420984278258576, 42.86731517505559], [10.420863762339314, 42.86526352742232], [10.420450937957584, 42.86380983733896], [10.420391046107845, 42.86333331497118], [10.420406556722465, 42.861874308609416], [10.420420504884214, 42.86141487915254], [10.420747252532879, 42.860717438018675], [10.421240460076458, 42.8598063103857], [10.421624091110033, 42.85945485313894], [10.42181657581754, 42.85930838184479], [10.423994596257929, 42.8582097102357], [10.42958380868135, 42.85695138453932], [10.434816451993342, 42.85463465994091], [10.442206574270307, 42.84815722238565], [10.440918380931262, 42.841176526076865], [10.435454943244684, 42.831411642026666], [10.432504188888458, 42.82708114574922], [10.432073593627369, 42.82644717294392], [10.431358128047044, 42.824601075320345], [10.428623559547145, 42.816134393368735], [10.429664065831062, 42.80789078954807], [10.434281118344677, 42.802862358474755], [10.432957314803016, 42.794924066137604], [10.432947560654425, 42.78641756557517], [10.435089956623354, 42.78124879902226], [10.435120174567274, 42.78096926047955], [10.434516410610534, 42.77652828668381], [10.434205871139566, 42.775784749972864], [10.434070700906513, 42.775489273450326], [10.4337116199276, 42.77502550239967], [10.433425362747016, 42.77480395771334], [10.431529986467533, 42.774773640164554], [10.423321448586146, 42.77342614707912], [10.42036037924091, 42.77276051587921], [10.418863921996367, 42.7719782866885], [10.410836904844004, 42.76738197966708], [10.398828269883788, 42.7637682928649], [10.395106445608995, 42.76348050415481], [10.388081606414715, 42.761404638143716], [10.387477107190048, 42.76115081400297], [10.38673460362315, 42.76073656524096], [10.38605535248563, 42.760306913324676], [10.385883853578576, 42.75998819483159], [10.38575800515436, 42.759550715156415], [10.38571094995524, 42.75934788641699], [10.385785282676961, 42.75926672204869], [10.386502063494067, 42.758528624299466], [10.386724117663286, 42.758348083192], [10.386958838427562, 42.758187649162934], [10.3872335586751, 42.75807400948498], [10.387470547361096, 42.75798108638992], [10.390336853587982, 42.758019974888896], [10.39050591325584, 42.75802683361594], [10.39055456105726, 42.75802892100757], [10.390775580758351, 42.75809180941553], [10.391048536884593, 42.75827535110588], [10.394797564534727, 42.75802037360538], [10.40236646652481, 42.75686306083316], [10.409703736247316, 42.753855292913514], [10.40846193191341, 42.751691924814374], [10.407215152780912, 42.74999117340608], [10.406313094300607, 42.74914000837032], [10.406193435159263, 42.74898163617506], [10.406159978176616, 42.74869839996246], [10.406164376795777, 42.748619973985704], [10.406172512163268, 42.74848038065169], [10.40617990876654, 42.748357725393426], [10.40619812374751, 42.748283928649805], [10.406244221744805, 42.748102323284], [10.40625542216904, 42.74805939719018], [10.406337838721774, 42.74776416570433], [10.406400486818447, 42.74760129778485], [10.4064528084019, 42.74748358752401], [10.406546558005475, 42.747306835001275], [10.406639720190967, 42.747208730850396], [10.40826686131513, 42.74584384857746], [10.411015070720183, 42.74379158741699], [10.41126917057801, 42.74368264493353], [10.411355199919955, 42.74366302024847], [10.411466780631002, 42.743637710701364], [10.412704107921076, 42.74338578917617], [10.414842809686156, 42.74323243369411], [10.42332205363953, 42.74195200054879], [10.43090298015077, 42.73578193257648], [10.433077930650631, 42.73211671313285], [10.434341004048536, 42.72585180692371], [10.434660267647795, 42.72158134244072], [10.434360822887488, 42.71758595519482], [10.432010484120617, 42.713106814483446], [10.431663015906643, 42.71260011187088], [10.431551281726861, 42.712520461752746], [10.430629531745852, 42.71199842015914], [10.423927627890347, 42.708353778330235], [10.423259523230602, 42.708105433673246], [10.422191969205933, 42.70774272773505], [10.42006454345257, 42.70772643298371], [10.41903555658103, 42.708518559376486], [10.41612548151266, 42.71108906471716], [10.414600541985852, 42.71351573208614], [10.413318907086188, 42.71563559508746], [10.411159894217962, 42.71635306323731], [10.410132387510311, 42.716435590785906], [10.409802271856465, 42.71642952159918], [10.409695664928833, 42.71642745968436], [10.408445593389809, 42.71601901045305], [10.403429133953718, 42.714377232831964], [10.398171621451635, 42.71213365823893], [10.39326775255177, 42.71221636996328], [10.382330191032706, 42.71540737094897], [10.377052935519089, 42.719357370403685], [10.374091054438667, 42.726815520986435], [10.37168793385072, 42.73236003788232], [10.368242643145539, 42.73539099250762], [10.360633634087497, 42.745797137612925], [10.357011786793068, 42.75202041389188], [10.35706558843807, 42.75361998092747], [10.35744356814842, 42.755284344030144], [10.358075351688225, 42.75705249800113], [10.358200723762653, 42.75817665993509], [10.358152242290172, 42.758334825407125], [10.357352452650515, 42.75927321056473], [10.357150351192159, 42.75946334974794], [10.35690682597895, 42.75964408807035], [10.35662930765468, 42.75980721898357], [10.356121271156383, 42.760047372114656], [10.355017701272091, 42.76043865437682], [10.354371908550348, 42.760666922823525], [10.34485642650216, 42.763876322673795], [10.344764347583823, 42.76390387058112], [10.344626871584097, 42.76394483805711], [10.344379507984748, 42.76397702050481], [10.342748292417898, 42.764135741475776], [10.341765424929799, 42.76418103271116], [10.340105247850802, 42.764130684760055], [10.339735435235132, 42.7641098047308], [10.335704205005001, 42.76364629981114], [10.32351358168769, 42.76222995808697], [10.322475399797865, 42.76211588027546], [10.322074150708378, 42.7620687343451], [10.321143070527723, 42.76181833226795], [10.320323722493354, 42.76150584688955], [10.31969376362545, 42.76119117303882], [10.318816298433333, 42.76058667777198], [10.318501779794905, 42.760306635320724], [10.318177003007865, 42.75997493152357], [10.318036737703189, 42.75969963560895], [10.317924870258551, 42.75932270506325], [10.317911174626898, 42.759108989087856], [10.318073727267963, 42.758706383985974], [10.321144002133927, 42.75292819625526], [10.323334568335328, 42.74894011510991], [10.323500586751882, 42.74873720632854], [10.324261077435143, 42.74773399086444], [10.325258132978712, 42.746022916959326], [10.325623163156237, 42.74518795481142], [10.325686730495072, 42.744928319261035], [10.325643923893072, 42.74403941716964], [10.3254565434299, 42.74215287089199], [10.32536821456062, 42.74202106592435], [10.322029827030132, 42.73739494604545], [10.321426955299536, 42.73695614513731], [10.319510996942642, 42.7360191805242], [10.31930380208097, 42.73604182974922], [10.318956026654314, 42.736096093681546], [10.318564188635316, 42.73616066260728], [10.318112822575742, 42.73633470771242], [10.318049512567434, 42.73639750645782], [10.317986246397421, 42.736460477565295], [10.317963854137343, 42.73648298561609], [10.317559731879756, 42.73689714640022], [10.317461783750993, 42.73703110079958], [10.316998382445126, 42.73777743163074], [10.315957048956887, 42.739610304127595], [10.314926112937838, 42.742485900591944], [10.314242598296074, 42.74494963970676], [10.312766567533286, 42.75695280437958], [10.31273710361211, 42.75714900531203], [10.312608163284297, 42.75755346722352], [10.312460243669603, 42.75778254436966], [10.312257534894336, 42.75802125360099], [10.312107760563455, 42.75816255092043], [10.311855322438051, 42.75836130638088], [10.3115263819069, 42.758554184479046], [10.311151621443619, 42.75874758539553], [10.31075547870441, 42.75894123074792], [10.310254818909904, 42.75910455133156], [10.309835960883992, 42.75923541644191], [10.308846536134359, 42.75940207035535], [10.307618620404286, 42.75956018283179], [10.306996835825764, 42.75963031863623], [10.305919365005252, 42.75967863220113], [10.305311761575155, 42.75969681764596], [10.304019861653758, 42.759718291231046], [10.302712592432917, 42.759735422447804], [10.30179549626009, 42.759709832081256], [10.300131737441065, 42.75948109124082], [10.29939100105164, 42.75926887159531], [10.29505041371236, 42.75666826214321], [10.294892299032947, 42.75655748502755], [10.293177238938672, 42.75517880666728], [10.292236186314799, 42.75429115766316], [10.291494370402283, 42.75358136064449], [10.29100379135349, 42.75305333507194], [10.290837482442003, 42.75284133594344], [10.290650841131667, 42.7525327596814], [10.28994156337191, 42.750886041567576], [10.289068026238635, 42.7472082381609], [10.289054999881282, 42.747150504092346], [10.288983983178559, 42.7468309514225], [10.288873045032613, 42.74604943086896], [10.288938812282215, 42.74583639226706], [10.289002590749917, 42.74567132837675], [10.289040467057081, 42.74561012608564], [10.289117910688333, 42.74548767451128], [10.289228240276374, 42.74534836301934], [10.289687185973522, 42.74480587165695], [10.289837229746214, 42.74464686433016], [10.289881555998363, 42.74460883360885], [10.290055749678677, 42.74446177236617], [10.290229065367617, 42.74306523018131], [10.290087669089313, 42.73981470955453], [10.289953755983271, 42.73884140054197], [10.288675151330724, 42.73694218110134], [10.28856210735996, 42.73679261583048], [10.288333666900837, 42.736579392467426], [10.287955163879177, 42.736254796473936], [10.287153123291121, 42.73570290869076], [10.287032255767466, 42.73562344530122], [10.283388118112974, 42.73528284851608], [10.272961437015093, 42.73766725948699], [10.269911910601076, 42.73789248018452], [10.266364387597676, 42.7421619821585], [10.26537231849995, 42.74474394753268]]], [[[10.413087108095846, 42.709600687826715], [10.413014714010833, 42.70959967467362], [10.41295282903867, 42.70960615662077], [10.412873115398238, 42.709624295260326], [10.412806321034346, 42.70964227446115], [10.41275270652527, 42.70967152779443], [10.412733461732605, 42.70973466740276], [10.412721968781293, 42.709797712279915], [10.4127190908964, 42.709898772220996], [10.412774996565796, 42.70997051597697], [10.412922552300888, 42.710094499925496], [10.412987886766338, 42.710126097673495], [10.413068205086018, 42.71013463787188], [10.413104338186095, 42.71013228558472], [10.413145422630597, 42.71012034185218], [10.413149811888529, 42.710085977402294], [10.413160225574423, 42.70967647673135], [10.413144516129496, 42.70962475938727], [10.413087108095846, 42.709600687826715]]], [[[10.361103727792727, 42.71320593066737], [10.3609686475683, 42.71317151472221], [10.360895592827651, 42.71318138823202], [10.360946788090327, 42.713288842972], [10.36097218904848, 42.713333567784126], [10.361009403929975, 42.7133601415157], [10.361120658861907, 42.713421855696495], [10.361229282601547, 42.71347341240691], [10.361268735504913, 42.71349213741635], [10.361329187096935, 42.71346440371625], [10.361351833109298, 42.71338308649109], [10.361289215657452, 42.71331178905553], [10.361103727792727, 42.71320593066737]]], [[[10.361025154167946, 42.713522048573736], [10.360926544998161, 42.71349662501367], [10.360636841474, 42.71363472602359], [10.360700638807607, 42.71376004180678], [10.360973410137328, 42.71396208787002], [10.361060196734245, 42.71400791660362], [10.361146051494838, 42.714024906855535], [10.361279165675358, 42.71396929260373], [10.361339420892634, 42.71393255499822], [10.36128802882014, 42.71381609745212], [10.361025154167946, 42.713522048573736]]], [[[10.406130017770431, 42.71326595533446], [10.406033530104573, 42.7132508566145], [10.406063301313123, 42.71335882150646], [10.406113080532792, 42.7135290421565], [10.406403066401488, 42.713561033285956], [10.406480347185418, 42.713569557764565], [10.406449830644037, 42.71329977560583], [10.406397180825833, 42.71330042221284], [10.406194503390358, 42.71327607976741], [10.406130017770431, 42.71326595533446]]], [[[10.37329145807536, 42.71616401507883], [10.373180981776644, 42.716138324766746], [10.373132542436094, 42.71615691624747], [10.373199345496907, 42.716417267029236], [10.373261450803358, 42.716452617453086], [10.37332223003595, 42.71645181474786], [10.373392505280071, 42.7163158929559], [10.373340493046408, 42.71617243237199], [10.37329145807536, 42.71616401507883]]], [[[10.373352887011787, 42.71791412014385], [10.373408773978637, 42.71789725742846], [10.373536478774875, 42.717774154798036], [10.373797235742519, 42.71751437696755], [10.373807756730967, 42.717437706383336], [10.373533886130966, 42.716625637558835], [10.37330483968464, 42.71650719263356], [10.372953705897755, 42.71636731857157], [10.372410700156243, 42.71638733536827], [10.37221163232389, 42.71649778390884], [10.372016521720283, 42.71734211345626], [10.372015552302482, 42.717436680099404], [10.372090795908917, 42.717581416334156], [10.372699639892186, 42.71786073416244], [10.37304441785628, 42.71797436889574], [10.373165977346353, 42.71796320541292], [10.373284422656901, 42.717934770010274], [10.373352887011787, 42.71791412014385]]], [[[10.374155707798865, 42.719095065389126], [10.374367307607255, 42.71901363134664], [10.374519380139587, 42.71895488170754], [10.374769074526313, 42.71880397287639], [10.374880571312143, 42.71873509528398], [10.375272746319137, 42.71824410230558], [10.375312635840379, 42.71783838724744], [10.375196180958465, 42.71780101424416], [10.374906745410101, 42.71770818215257], [10.37380523409022, 42.718153653714936], [10.373636288579787, 42.718245733592276], [10.373536007658764, 42.71830183107868], [10.373455331607971, 42.71834696170348], [10.373015495343598, 42.7188925509726], [10.373171309802805, 42.718962724402346], [10.37338584308472, 42.7190589248301], [10.374155707798865, 42.719095065389126]]], [[[10.319979748033806, 42.73450540142384], [10.320051160244502, 42.734272693141214], [10.32003951791112, 42.734155759125564], [10.320004643421465, 42.73409537613885], [10.319946108287082, 42.734071286236166], [10.319073514429105, 42.73411060723846], [10.318976860752214, 42.73416124888446], [10.31912899817831, 42.734711067622726], [10.319214297640867, 42.7348451638407], [10.319297037061153, 42.73491737793661], [10.319500730007054, 42.73495893195598], [10.319979748033806, 42.73450540142384]]], [[[9.79760763077078, 43.03158838503617], [9.797169018347404, 43.03154191370739], [9.796359733937052, 43.03160776432743], [9.796287740954133, 43.03161843549666], [9.796197405804993, 43.031631973546006], [9.796053568178305, 43.03166223943814], [9.79600277309169, 43.03176840035803], [9.79599234661246, 43.03191142602077], [9.795991249100588, 43.03206243184119], [9.796013652127703, 43.032135274877575], [9.79610727631231, 43.03225618994065], [9.796232051332304, 43.03241290720977], [9.79626723117919, 43.032424645366184], [9.796410808266463, 43.03247244697687], [9.796607190384393, 43.03247108017942], [9.796738639167561, 43.032431893965835], [9.797583938639118, 43.03206580953205], [9.797943974036189, 43.03190571445629], [9.797995262900653, 43.03183781949696], [9.797994561716264, 43.03178379541385], [9.797910927293243, 43.031723594946655], [9.79760763077078, 43.03158838503617]]], [[[9.825725602504791, 43.07268679305507], [9.82666317747227, 43.07230407144332], [9.829534423333511, 43.070491330153885], [9.837148891893086, 43.06214785885588], [9.836020591088001, 43.05610390168852], [9.836748803401251, 43.05073168506766], [9.844660730896067, 43.05106076595953], [9.8469669935228, 43.04577586674812], [9.846608531247297, 43.044052908568574], [9.845142868329358, 43.03944991597012], [9.842846465880672, 43.03396905117989], [9.838714741818276, 43.02672376220165], [9.834276931734651, 43.02439691357899], [9.827832393207107, 43.01998177558066], [9.822997829245054, 43.01645519773267], [9.816814064059292, 43.0097859913073], [9.816400659498218, 43.00933452297707], [9.816998298934973, 43.008393745171865], [9.817587377591876, 43.00768265040581], [9.8171835778474, 43.00660944414709], [9.811691807627069, 43.00304964266382], [9.799861622224705, 43.01133334128874], [9.793173698101825, 43.0206009361561], [9.794776854547695, 43.02550840251396], [9.79643310579237, 43.02590245873524], [9.796776897487025, 43.02668355187701], [9.79837857032951, 43.0318522456577], [9.799207581108202, 43.03529483377266], [9.799979823713874, 43.043356233403124], [9.800855398775614, 43.05285701127314], [9.81079586794785, 43.060823855690636], [9.814880358720815, 43.06443482637034], [9.817087651545787, 43.06694813239913], [9.817570242603804, 43.06747213888486], [9.81846233691438, 43.06800017591815], [9.819083407658464, 43.068292891773496], [9.820822132166786, 43.06904359372505], [9.822037052736068, 43.069426582995696], [9.823413825082646, 43.07049006331776], [9.824380749606252, 43.07160864921052], [9.824782182234944, 43.072405442296386], [9.82526629864059, 43.07271937237293], [9.82562463628061, 43.072771482461306], [9.825725602504791, 43.07268679305507]]], [[[9.901799380445757, 43.43933326185424], [9.908070224648078, 43.4355963876449], [9.908375511795212, 43.43529682235612], [9.90850692273795, 43.43502596962392], [9.908929127139974, 43.43347356252332], [9.908949443178074, 43.43335184241704], [9.90751471240996, 43.42673103126038], [9.90574450206405, 43.424256892469515], [9.901666635559529, 43.41992108863886], [9.901504616975458, 43.41985933641898], [9.901095299998934, 43.4197815224557], [9.895625967526843, 43.42096353561354], [9.88976090302846, 43.423012265209934], [9.88967156345177, 43.42305645229343], [9.889168055502731, 43.42354253319653], [9.889064840811667, 43.423675312635886], [9.888992041539113, 43.42388377938147], [9.888738948292938, 43.42503735826262], [9.888658101807177, 43.42566243965132], [9.889006450019737, 43.42790765023018], [9.889210981329578, 43.42854747866713], [9.891008016809002, 43.43328595638247], [9.891915580826975, 43.43517427892835], [9.892489743606054, 43.43626831862074], [9.892527201789129, 43.4362950392684], [9.892602644589402, 43.4363484773175], [9.892751827171466, 43.43641034216209], [9.892927327313132, 43.43643602896588], [9.893706381170917, 43.436447321099465], [9.89413601590775, 43.43643589178217], [9.894322909337012, 43.436290012316014], [9.89575378431466, 43.43535587463243], [9.89814676899314, 43.43528758171321], [9.89888858992061, 43.435291707813576], [9.901384836954273, 43.43572131721714], [9.901685473758455, 43.43596206408587], [9.90160712388418, 43.436406884822894], [9.901315686865571, 43.4377531814784], [9.901799380445757, 43.43933326185424]]], [[[10.21909853945737, 43.546025554937046], [10.21858219100322, 43.54613620132291], [10.218606778848548, 43.54625914170478], [10.21863136666944, 43.54636978785298], [10.218705131150577, 43.54641896355552], [10.218877247296671, 43.54643125780506], [10.219073950866187, 43.54640666984129], [10.219184597054692, 43.5462591413895], [10.2191845976832, 43.546099319142655], [10.21909853945737, 43.546025554937046]]], [[[10.219363351472062, 43.54787228300108], [10.218928819319341, 43.547822894217575], [10.218774912641443, 43.54815768394067], [10.218951985694178, 43.54839890623044], [10.219336565928227, 43.548385798909266], [10.219551373918438, 43.54818980372411], [10.219616143254603, 43.548130705725555], [10.219548793904067, 43.54806185572481], [10.219363351472062, 43.54787228300108]]], [[[10.231366650397241, 42.78908491415481], [10.231283630969994, 42.78908491451663], [10.23111759245743, 42.7891886889645], [10.23103457255641, 42.78927170773646], [10.230951553980647, 42.78941699239697], [10.231055327725535, 42.78956227611009], [10.231242121661307, 42.78956227580399], [10.231594953148223, 42.78941699236975], [10.23157419918825, 42.789126424078425], [10.231366650397241, 42.78908491415481]]], [[[10.493165603197824, 42.932103359828915], [10.493065242343754, 42.93206990633096], [10.492931427900807, 42.93212008696403], [10.492630345131222, 42.932262264606464], [10.492563438153297, 42.93231244478771], [10.492647072443678, 42.93239607915428], [10.492764159135064, 42.932488075906875], [10.493749483899531, 42.932976445027336], [10.493839024098712, 42.93301004815542], [10.49397006383185, 42.93304745621046], [10.494105546555524, 42.93302395502733], [10.49418105335413, 42.932966464906436], [10.49413755904957, 42.93288010324422], [10.49406988627872, 42.9327723246021], [10.493165603197824, 42.932103359828915]]], [[[10.313468621056153, 42.35099504960274], [10.314727858480861, 42.350287756015405], [10.325621914348197, 42.34395278897477], [10.328268306974882, 42.33774866278937], [10.329114202755052, 42.33425360131442], [10.330314181535337, 42.32524735030139], [10.329867211948162, 42.322032943875506], [10.326217547382273, 42.31987328772977], [10.324087918536852, 42.3201680783488], [10.31727325262221, 42.316500139492575], [10.316752660297723, 42.31495710985458], [10.308438559162333, 42.314600707168125], [10.29692242396229, 42.31583299253827], [10.296517120210071, 42.31602549731198], [10.29401246562636, 42.31726508400531], [10.292387957721857, 42.31882341165421], [10.29065355131685, 42.32109441657988], [10.290107323693846, 42.32242442708567], [10.288853383691395, 42.326243508138546], [10.29172520072367, 42.33866435530547], [10.292428645334587, 42.34189402676792], [10.293759441892986, 42.34507608744603], [10.294668840978579, 42.3462050584411], [10.298436260269812, 42.35004138355048], [10.300352603684496, 42.35083018648774], [10.302807375627198, 42.35064471307559], [10.303056302329985, 42.350587558588224], [10.303278539640608, 42.35053128785719], [10.30358886788525, 42.350419689681125], [10.304800442121804, 42.3498565513042], [10.30583748189696, 42.349367434573615], [10.307259427699767, 42.349139302192086], [10.311881192767444, 42.35089223649253], [10.31208316336868, 42.35097098892565], [10.312372572448217, 42.351021699875574], [10.31283680900593, 42.351050218741236], [10.313468621056153, 42.35099504960274]]], [[[10.064450719366318, 42.35859021869859], [10.064696116882304, 42.35843843659888], [10.064700176671323, 42.35834467390255], [10.06465034092495, 42.35828238050146], [10.064578704710552, 42.35822631720285], [10.06449460855136, 42.358188940735914], [10.064341989842813, 42.358157793975714], [10.064192485215763, 42.35818582597124], [10.063871674232725, 42.358276151322755], [10.063856101387278, 42.358360247565], [10.06390282168569, 42.35854712801187], [10.063937083235999, 42.35860630611354], [10.064178586048312, 42.35879197213291], [10.064450719366318, 42.35859021869859]]], [[[10.331143618759556, 42.82829382640572], [10.331073342559579, 42.828161824392566], [10.330995395852998, 42.82811209902758], [10.33089760692672, 42.82808047504341], [10.330398408138073, 42.82806571292271], [10.33000434776217, 42.82820105200203], [10.331022591802128, 42.829002289089786], [10.331063747932653, 42.829034571413096], [10.331136563204895, 42.82896206254497], [10.331217425746305, 42.82874947645305], [10.331239907748072, 42.82868152405232], [10.331304603009398, 42.828418037734714], [10.33131905408856, 42.828356581381016], [10.331143618759556, 42.82829382640572]]], [[[10.433967669837056, 42.78955156660895], [10.433618428055386, 42.789531022733584], [10.433412992001879, 42.78963374082251], [10.433207555877274, 42.79000352576549], [10.433166469453003, 42.79018841793444], [10.433330818249908, 42.790434941019534], [10.433556797956824, 42.79059928970472], [10.434296367133447, 42.79096907499375], [10.434481258519757, 42.790845813433414], [10.43448125893025, 42.79068146405342], [10.434255279440526, 42.78975700271949], [10.434152561223957, 42.78961319763205], [10.433967669837056, 42.78955156660895]]], [[[10.549613103579574, 42.86056731451277], [10.549774335065306, 42.86034000706318], [10.549825928684355, 42.86026726805995], [10.549751460230732, 42.85973698224221], [10.54956574209731, 42.85916317795428], [10.548209857225947, 42.85633594767835], [10.547097861067284, 42.855918742406004], [10.546621349634647, 42.855952196783534], [10.546130729082966, 42.85667604748342], [10.54589165243189, 42.85749225731862], [10.545853529225395, 42.85769098353923], [10.545824259536856, 42.85785401207307], [10.547981380828798, 42.860418297801644], [10.548018540305765, 42.86043580540352], [10.54805178755399, 42.860449927769366], [10.548306186992656, 42.860557984103885], [10.549135656490913, 42.86056477184267], [10.549278736248986, 42.8605655342407], [10.549613103579574, 42.86056731451277]]], [[[10.476608827840817, 42.8666654293857], [10.4765764111367, 42.8663326625191], [10.47654485319811, 42.86603590394409], [10.476400400524216, 42.86563435420438], [10.476242969226863, 42.865364422317555], [10.476221953995758, 42.865328673932915], [10.475958097894376, 42.86508894110112], [10.47567169536719, 42.864840493225216], [10.474359950649493, 42.86373177098449], [10.47407345725442, 42.86368478721946], [10.474003563083215, 42.863673325072575], [10.473477993642135, 42.8637521320747], [10.473241203315636, 42.863815098704286], [10.4724327031982, 42.86582322542945], [10.473541382603402, 42.86637177270843], [10.475584688838245, 42.86684072613418], [10.476061760774291, 42.866825570331606], [10.476608827840817, 42.8666654293857]]], [[[10.475622404079122, 42.868578045078465], [10.47564649886285, 42.868412775078525], [10.47553350483156, 42.86778666280726], [10.475395585331393, 42.867810586702916], [10.474857426908443, 42.86831316359503], [10.474889309395275, 42.86836678233593], [10.474961717518912, 42.868451397544014], [10.47549763863979, 42.868930191040086], [10.47563149794528, 42.868665562496616], [10.475622404079122, 42.868578045078465]]], [[[10.424147452272603, 42.870715779506035], [10.423970101231397, 42.87045684110226], [10.422917133739194, 42.87047957019459], [10.422814387069169, 42.870588293290226], [10.422702610148729, 42.870706731546754], [10.422592293271254, 42.87083417284054], [10.42249992135233, 42.870943380863025], [10.422603737833912, 42.87106590970676], [10.422957727446422, 42.871286634260564], [10.42318658424743, 42.871389597982976], [10.42334189940744, 42.87143719483114], [10.423405862993892, 42.8714546906042], [10.423451561859975, 42.87145164504513], [10.423635604630666, 42.87143354248153], [10.423814624276906, 42.87141555703218], [10.423910522155763, 42.87133213968177], [10.423943348704132, 42.87130342746955], [10.423973443706943, 42.87126437987493], [10.424033590100557, 42.87118455262608], [10.42406187284841, 42.87114666759588], [10.42419647973469, 42.87084382155747], [10.424147452272603, 42.870715779506035]]], [[[12.224258787733152, 43.80985927727829], [12.224520078207462, 43.80989349618755], [12.225063407155766, 43.80988265091088], [12.227123841744598, 43.8094022059991], [12.229788211866474, 43.808681164538335], [12.229992130725044, 43.808601119103606], [12.231215489381452, 43.80788789073829], [12.232508599118264, 43.807056758114264], [12.233380174024601, 43.806100143093914], [12.234864658823852, 43.80441512764296], [12.237090121107762, 43.80123825600127], [12.240246053105087, 43.79060016548385], [12.239521818373746, 43.786518210992476], [12.238234866665932, 43.78685339676522], [12.23805992738857, 43.78688058201376], [12.237350044451459, 43.78699082828357], [12.237261474514547, 43.78700378702336], [12.236254130147017, 43.78713616158758], [12.235806841382315, 43.78718910816912], [12.2341157791758, 43.78723912388218], [12.230736752271941, 43.78668649617537], [12.21899267740936, 43.78393054843453], [12.2124353079389, 43.78170633741799], [12.200319657043321, 43.774455630843434], [12.199347774966586, 43.77037554544793], [12.197457516293426, 43.77073010433396], [12.187734075964636, 43.773738964808715], [12.18467710490757, 43.77674130586581], [12.184575991820806, 43.78036340479387], [12.18452447296133, 43.78079699505124], [12.184189013282856, 43.78149959585096], [12.183273711328505, 43.78251546883164], [12.178340210761284, 43.78743359212225], [12.177846088349682, 43.78775345379211], [12.177386448934762, 43.78799132539143], [12.177269736236944, 43.78802528250956], [12.176359903147704, 43.788289985069625], [12.170106831178495, 43.80363860726407], [12.169755043524868, 43.80462521762354], [12.169796215681092, 43.805344327473165], [12.169935276204036, 43.80597518881044], [12.17005240955426, 43.80642659600031], [12.170233280068905, 43.80680750893598], [12.170300171140553, 43.80692262777257], [12.170460103775895, 43.80715933272803], [12.170534115450016, 43.80726677380753], [12.170699879717075, 43.807502499876584], [12.170914930092684, 43.807748615992345], [12.171070700006867, 43.80787800918396], [12.171099494246498, 43.80790186927084], [12.171146002013764, 43.80794022052428], [12.174986500805366, 43.80986383209756], [12.175856180742228, 43.81028971048909], [12.176541372322829, 43.81054074810401], [12.176355210333936, 43.81111312941539], [12.176366380322746, 43.811301880866424], [12.177179895495046, 43.81165963204035], [12.177235282112209, 43.811678347960445], [12.177470797433957, 43.8116357807642], [12.17860743894152, 43.81091539979212], [12.183544240556246, 43.807370154691455], [12.188948872688151, 43.80465465250645], [12.191488702295027, 43.805348772887456], [12.193982414427346, 43.80572701792665], [12.198221721967975, 43.806151916348824], [12.200011732909083, 43.80606236484581], [12.201396991041657, 43.805930122432486], [12.207653008675877, 43.80526966868372], [12.210739212250534, 43.80459639986634], [12.211052852122611, 43.80444690478435], [12.212307616413737, 43.803998547095084], [12.21366205483294, 43.80351494313718], [12.214975342778443, 43.80310368561017], [12.217275232847904, 43.80275132137163], [12.217442020530493, 43.8027574718842], [12.217770565013783, 43.80277453531711], [12.218027808886943, 43.80278975595545], [12.218301285812684, 43.80296323517112], [12.21854788569097, 43.803139482733314], [12.218693124451779, 43.80324497712869], [12.220522646139433, 43.80471360248035], [12.222486893096933, 43.8073422156738], [12.224258787733152, 43.80985927727829]]], [[[11.311454643940767, 42.379736246524864], [11.311441471390715, 42.37969384921168], [11.311394314566463, 42.37954747858522], [11.311354462194666, 42.37952724046063], [11.31130900484504, 42.37952724061984], [11.311264171525943, 42.379547789277325], [11.31078445331554, 42.380039107551575], [11.310628376439379, 42.38025323762329], [11.310605535316089, 42.38030684890398], [11.310613150080533, 42.38034079245651], [11.310721641657038, 42.380560632559686], [11.311144323443092, 42.380863782852096], [11.31124451074808, 42.38090298697289], [11.311478858121388, 42.38095030926829], [11.311571845379293, 42.38086153060139], [11.311468638488725, 42.37984450166862], [11.311454643940767, 42.379736246524864]]], [[[10.712653380621148, 42.79767361056675], [10.71341919684789, 42.797085829761244], [10.712322475906223, 42.79633681208626], [10.71223790855367, 42.79637409732949], [10.711703020216813, 42.79693140245983], [10.711644386655736, 42.79702232917638], [10.711598473509781, 42.797131075871825], [10.711520605632833, 42.79741139618725], [10.711447613118043, 42.797872059720476], [10.711449741053261, 42.79795275677742], [10.711495038254586, 42.79825825008467], [10.711520973700395, 42.79831189200754], [10.711607281246128, 42.798337616935605], [10.712653380621148, 42.79767361056675]]], [[[10.900558297098797, 42.55621598821678], [10.900445374096728, 42.5562119056052], [10.900366650615156, 42.556272777617366], [10.900361307723486, 42.55636221654155], [10.900410891668209, 42.55640309055086], [10.900532230059213, 42.55641894766296], [10.900773099505761, 42.5563911246361], [10.900778803304568, 42.5563135928972], [10.900760165727617, 42.556230508923214], [10.900558297098797, 42.55621598821678]]], [[[10.895446844065999, 42.56304926120892], [10.895298828122426, 42.56277247869914], [10.895221694452614, 42.56276474057606], [10.895136844978389, 42.56276614621687], [10.895105726953657, 42.56279201472354], [10.895043647028922, 42.56284424352236], [10.894896679149912, 42.56298981584286], [10.894741373939404, 42.56314652232063], [10.894454806449291, 42.56390180338172], [10.894439368943585, 42.56403072266956], [10.894441380233598, 42.56441668220433], [10.8946744213868, 42.56444856821031], [10.89487500666662, 42.564366621781915], [10.894939848738606, 42.56427262469284], [10.895437273091924, 42.563125715636495], [10.895446844065999, 42.56304926120892]]], [[[10.88393393696547, 42.57595455220309], [10.88388131009178, 42.575585649484594], [10.88186455360969, 42.57568435021022], [10.881358906464325, 42.5757853872483], [10.881249588028723, 42.57583452832702], [10.881145826339797, 42.575901646359895], [10.88030553387655, 42.57701565569447], [10.880236214096861, 42.57728365245768], [10.88024050839398, 42.57742654173551], [10.880710540532698, 42.57761896874953], [10.881192605274356, 42.57778260515069], [10.881643736002017, 42.57777519508406], [10.882182514104615, 42.57768056718357], [10.882892281463016, 42.577268613737154], [10.88294953655001, 42.577211184752414], [10.883091709194344, 42.577068577643395], [10.883365730644925, 42.576717582039976], [10.88393393696547, 42.57595455220309]]], [[[11.109861463466752, 42.263398146238515], [11.112618577411297, 42.26145242964996], [11.1153016514169, 42.25822823346314], [11.116821260174982, 42.255784430369914], [11.116955943830767, 42.25549601262208], [11.117072608594173, 42.25514835857065], [11.117493564267301, 42.2538300694993], [11.117487985855007, 42.25366337944065], [11.117459606193636, 42.25329457661336], [11.117322471923737, 42.252470599591476], [11.117084846648675, 42.252252099391356], [11.116632479573841, 42.252058904303446], [11.116167714300364, 42.25206748410535], [11.115384307827632, 42.2526180621768], [11.115204725123295, 42.25300261632799], [11.112273850620447, 42.25455778944503], [11.10919914773241, 42.25551113820894], [11.108723296467671, 42.255448501198195], [11.108476911948909, 42.25536505104233], [11.107863732030829, 42.25513635977381], [11.105465893730456, 42.253976765593436], [11.103205560316418, 42.251043690752816], [11.10221133683373, 42.248238961080936], [11.102144018470863, 42.247911490628425], [11.102099294111058, 42.247693924600995], [11.102129064803407, 42.24713052785833], [11.102175711822241, 42.24701034810014], [11.10251984654291, 42.246123738814326], [11.103006285373532, 42.24589868229363], [11.104170090437632, 42.24599665292097], [11.105876332622417, 42.245913541325095], [11.107673745086595, 42.245279612919646], [11.11129814940379, 42.24385059976442], [11.111700053101737, 42.24339257130048], [11.111960773536618, 42.243095431621114], [11.112102495026491, 42.24252996992943], [11.112148431787222, 42.24187396528391], [11.112157901337412, 42.241738707307086], [11.112139533282852, 42.24055255607095], [11.112042160489922, 42.24035847793406], [11.109873992211618, 42.23831359902187], [11.109386329233788, 42.23821745963727], [11.099048949410019, 42.2414257850772], [11.098336559433937, 42.24170092915982], [11.09753763846315, 42.24275204992597], [11.097170809989455, 42.243294882192444], [11.092732758884333, 42.2522735316334], [11.101164792304683, 42.25833777271401], [11.1015174117535, 42.25833130940926], [11.102404100741325, 42.25846993166124], [11.103906199759969, 42.25878787510183], [11.10423032823348, 42.25888914959446], [11.109061754502171, 42.260932933460644], [11.10919942933569, 42.26114645815586], [11.109046579737738, 42.26246175818349], [11.109861463466752, 42.263398146238515]]], [[[10.882639963455208, 42.3498045502239], [10.882747695022267, 42.349762048982214], [10.882794951159271, 42.34948219277008], [10.882666622327674, 42.34917372159288], [10.882424157451544, 42.349285770900124], [10.88220190239685, 42.34977121909384], [10.88224962454109, 42.34984473211602], [10.882514344860349, 42.349904244695814], [10.882639963455208, 42.3498045502239]]], [[[10.92931751051482, 42.35603916958924], [10.92941866627848, 42.355972176900174], [10.929470251294845, 42.3557731865129], [10.929303464144569, 42.35558012262083], [10.929168458393985, 42.35553286500832], [10.929074613604458, 42.35554119874809], [10.928694334836974, 42.355711950316454], [10.92851339627181, 42.35585007753043], [10.928403607907182, 42.35605669022922], [10.928384234575889, 42.35609314946295], [10.928528704576538, 42.35633806095762], [10.928687626356771, 42.35648156616176], [10.928765543750464, 42.35649035119325], [10.928814263735427, 42.35649141799586], [10.928867784054416, 42.35647472234497], [10.928992381696341, 42.35642512704354], [10.92905702806575, 42.35636355903078], [10.92931751051482, 42.35603916958924]]], [[[10.886903977100776, 42.38936352244198], [10.889812335468573, 42.388691818632466], [10.906931741687139, 42.38035054795734], [10.909095579374837, 42.37499675722939], [10.912189949851657, 42.3709039354447], [10.913763245528752, 42.36907893533883], [10.917332050540235, 42.36797002719105], [10.92183694987109, 42.35968601867135], [10.92369263275254, 42.35553709877458], [10.922183917587306, 42.35012739457924], [10.92289824621091, 42.3438206816576], [10.92888610545928, 42.340149360219876], [10.931630434679162, 42.338693771571215], [10.931453802544377, 42.333122294818025], [10.931296060781005, 42.33183490282846], [10.930893391996491, 42.32978165862196], [10.929340729784377, 42.325716870007305], [10.929255328908269, 42.32552708190813], [10.920862559408725, 42.31812584231876], [10.915644700177296, 42.32142591072827], [10.904895369656723, 42.3259322452688], [10.896757532934055, 42.3341966431142], [10.891867954928983, 42.33870856535584], [10.888988114174687, 42.341953047490925], [10.885646801276168, 42.346724743126494], [10.885344918101012, 42.34785224760848], [10.882941194995452, 42.350947813576944], [10.87986968948678, 42.35249647451511], [10.873002131750122, 42.35262810262244], [10.868224130756222, 42.3534596202149], [10.866778851893676, 42.354341631055135], [10.865397005100604, 42.360498245980274], [10.865675222699966, 42.364436842988944], [10.868357094225027, 42.36774601816605], [10.87046408879786, 42.367574276494445], [10.874837361990904, 42.365596246976004], [10.875692604693228, 42.36542155370799], [10.877203913472089, 42.365299998457715], [10.879480017299944, 42.36618801816577], [10.880540934591183, 42.366742468535435], [10.880809302971802, 42.366884404726264], [10.88158733608778, 42.367623598822824], [10.881684261775343, 42.36802275468974], [10.883532720401341, 42.37653866128074], [10.880791219790646, 42.38143542214855], [10.880991980718983, 42.387141637183426], [10.880747426499696, 42.38739330307882], [10.880413661945884, 42.38791209489824], [10.880196194811347, 42.388359185297766], [10.880173876531428, 42.38883234123185], [10.881050872579507, 42.38890575406125], [10.883873454997108, 42.388891349063336], [10.88446152146778, 42.38893626579155], [10.884931076464172, 42.38897257955876], [10.885049625783344, 42.38927099537277], [10.885244310836987, 42.38947379525528], [10.88578829142683, 42.38991081197239], [10.886047531862896, 42.38994707029017], [10.886609802006108, 42.38965639339394], [10.886903977100776, 42.38936352244198]]], [[[11.131175704294874, 42.37804986124895], [11.13116770653327, 42.37798908962828], [11.13064742187287, 42.37670288619794], [11.130600154117237, 42.37664015108907], [11.130509398343726, 42.37665118697111], [11.130468855167699, 42.37666733829738], [11.130417000253875, 42.37668868894145], [11.129951870854365, 42.377222836967675], [11.129726351457819, 42.37750359601468], [11.129656314442135, 42.377738337082555], [11.131017244152128, 42.3783839426553], [11.131102442204506, 42.37838911153692], [11.131209375520637, 42.378312448484564], [11.13120374095483, 42.37826706833332], [11.131175704294874, 42.37804986124895]]], [[[11.210325998536954, 42.38255006090442], [11.211611523772774, 42.38176904737859], [11.213351401098825, 42.3798261047406], [11.21193695514194, 42.379402921042654], [11.20948968230006, 42.38089166917296], [11.209396239955236, 42.38097391915276], [11.20935373231396, 42.381021795758855], [11.209238494191709, 42.3811756781867], [11.209225950286958, 42.38121023886949], [11.209211970881839, 42.38124889318375], [11.209202457767075, 42.381275425615186], [11.209184430322004, 42.38136583391012], [11.20911733129193, 42.381790379746576], [11.20910531438029, 42.38188066494792], [11.209185086851242, 42.38250062966493], [11.20922704711585, 42.38266114242915], [11.209249832037615, 42.382680388155265], [11.209301447572233, 42.38272300369827], [11.210325998536954, 42.38255006090442]]], [[[11.08185030999139, 42.41798500095195], [11.08058856686286, 42.41805294509445], [11.080260917516568, 42.418164262298006], [11.080225004107461, 42.41817661598166], [11.08038790796487, 42.418416803320206], [11.080677459160265, 42.41862767531461], [11.081683249173519, 42.41899663894062], [11.082007816368632, 42.419071790352376], [11.082395615307039, 42.41903772799173], [11.08244077261849, 42.41901889640744], [11.082732478777785, 42.41889724682951], [11.08185030999139, 42.41798500095195]]]]}, "properties": {"reg_name": "Toscana", "reg_istat_code_num": 9, "reg_iso_3166_2": "IT-52", "reg_istat_code": "09"}}]}